INSERT INTO ADMIN(Employee_ID,Name,Emp_Email) VALUES(0,"lifeline","harbourside@gmail.com");
INSERT INTO ADMIN(Employee_ID,Name,Emp_Email) VALUES(1,"doolfu","sockhead@gmail.com");
INSERT INTO ADMIN(Employee_ID,Name,Emp_Email) VALUES(2,"egomaniac","smilacaceae@gmail.com");
INSERT INTO ADMIN(Employee_ID,Name,Emp_Email) VALUES(3,"irrejectable","lavable@gmail.com");
INSERT INTO ADMIN(Employee_ID,Name,Emp_Email) VALUES(4,"gregarinidal","scratchcarding@gmail.com");
INSERT INTO ADMIN(Employee_ID,Name,Emp_Email) VALUES(5,"milkbush","baryons@gmail.com");
INSERT INTO ADMIN(Employee_ID,Name,Emp_Email) VALUES(6,"detrudes","auroras@gmail.com");
INSERT INTO ADMIN(Employee_ID,Name,Emp_Email) VALUES(7,"practicality","chymosin@gmail.com");
INSERT INTO ADMIN(Employee_ID,Name,Emp_Email) VALUES(8,"unprovide","seborrhagia@gmail.com");
INSERT INTO ADMIN(Employee_ID,Name,Emp_Email) VALUES(9,"stickly","alangine@gmail.com");
INSERT INTO CITIES(Name) VALUES("detoxifying");
INSERT INTO CITIES(Name) VALUES("placelessly");
INSERT INTO CITIES(Name) VALUES("reclivate");
INSERT INTO CITIES(Name) VALUES("goosegog");
INSERT INTO CITIES(Name) VALUES("indispensible");
INSERT INTO CITIES(Name) VALUES("superinduction");
INSERT INTO CITIES(Name) VALUES("pensile");
INSERT INTO CITIES(Name) VALUES("popleman");
INSERT INTO CITIES(Name) VALUES("distending");
INSERT INTO CITIES(Name) VALUES("outweeps");
INSERT INTO CITIES(Name) VALUES("qats");
INSERT INTO CITIES(Name) VALUES("noninterpolative");
INSERT INTO CITIES(Name) VALUES("sesquitertial");
INSERT INTO CITIES(Name) VALUES("functions");
INSERT INTO CITIES(Name) VALUES("nanoinstructions");
INSERT INTO CITIES(Name) VALUES("lst");
INSERT INTO CITIES(Name) VALUES("amidoxime");
INSERT INTO CITIES(Name) VALUES("osteichthyes");
INSERT INTO CITIES(Name) VALUES("clavelization");
INSERT INTO CITIES(Name) VALUES("unknowns");
INSERT INTO CITIES(Name) VALUES("anisostaminous");
INSERT INTO CITIES(Name) VALUES("careless");
INSERT INTO CITIES(Name) VALUES("tgt");
INSERT INTO CITIES(Name) VALUES("negotiably");
INSERT INTO CITIES(Name) VALUES("remex");
INSERT INTO CITIES(Name) VALUES("beer");
INSERT INTO CITIES(Name) VALUES("merostomatous");
INSERT INTO CITIES(Name) VALUES("papable");
INSERT INTO CITIES(Name) VALUES("cucumber");
INSERT INTO CITIES(Name) VALUES("damoetas");
INSERT INTO CITIES(Name) VALUES("engrandizement");
INSERT INTO CITIES(Name) VALUES("ribbandry");
INSERT INTO CITIES(Name) VALUES("choreographical");
INSERT INTO CITIES(Name) VALUES("pricker");
INSERT INTO CITIES(Name) VALUES("commandress");
INSERT INTO CITIES(Name) VALUES("holily");
INSERT INTO CITIES(Name) VALUES("rubricate");
INSERT INTO CITIES(Name) VALUES("nonreceptiveness");
INSERT INTO CITIES(Name) VALUES("q");
INSERT INTO CITIES(Name) VALUES("competition");
INSERT INTO CITIES(Name) VALUES("overbrace");
INSERT INTO CITIES(Name) VALUES("trailery");
INSERT INTO CITIES(Name) VALUES("truantness");
INSERT INTO CITIES(Name) VALUES("unhistory");
INSERT INTO CITIES(Name) VALUES("forceless");
INSERT INTO CITIES(Name) VALUES("deadpan");
INSERT INTO CITIES(Name) VALUES("pandours");
INSERT INTO CITIES(Name) VALUES("venusberg");
INSERT INTO CITIES(Name) VALUES("successionless");
INSERT INTO CITIES(Name) VALUES("compursion");
INSERT INTO CITIES(Name) VALUES("perioecus");
INSERT INTO CITIES(Name) VALUES("inextensional");
INSERT INTO CITIES(Name) VALUES("illuminance");
INSERT INTO CITIES(Name) VALUES("triticums");
INSERT INTO CITIES(Name) VALUES("unsubrogated");
INSERT INTO CITIES(Name) VALUES("semispan");
INSERT INTO CITIES(Name) VALUES("generativeness");
INSERT INTO CITIES(Name) VALUES("adjustors");
INSERT INTO CITIES(Name) VALUES("cornstalks");
INSERT INTO CITIES(Name) VALUES("wings");
INSERT INTO CITIES(Name) VALUES("speedboats");
INSERT INTO CITIES(Name) VALUES("alienable");
INSERT INTO CITIES(Name) VALUES("kneed");
INSERT INTO CITIES(Name) VALUES("frigidities");
INSERT INTO CITIES(Name) VALUES("unravelable");
INSERT INTO CITIES(Name) VALUES("chirographical");
INSERT INTO CITIES(Name) VALUES("amphictyons");
INSERT INTO CITIES(Name) VALUES("teetotal");
INSERT INTO CITIES(Name) VALUES("polychromatophilia");
INSERT INTO CITIES(Name) VALUES("philodendrons");
INSERT INTO CITIES(Name) VALUES("bloodlessly");
INSERT INTO CITIES(Name) VALUES("overapprehensiveness");
INSERT INTO CITIES(Name) VALUES("swamped");
INSERT INTO CITIES(Name) VALUES("pantheology");
INSERT INTO CITIES(Name) VALUES("unexorcisably");
INSERT INTO CITIES(Name) VALUES("meditabund");
INSERT INTO CITIES(Name) VALUES("thrombi");
INSERT INTO CITIES(Name) VALUES("supercedes");
INSERT INTO CITIES(Name) VALUES("unmeedful");
INSERT INTO CITIES(Name) VALUES("redbuds");
INSERT INTO CITIES(Name) VALUES("ecphonema");
INSERT INTO CITIES(Name) VALUES("ionospheres");
INSERT INTO CITIES(Name) VALUES("hentriacontane");
INSERT INTO CITIES(Name) VALUES("cimmerianism");
INSERT INTO CITIES(Name) VALUES("semiserious");
INSERT INTO CITIES(Name) VALUES("scavenges");
INSERT INTO CITIES(Name) VALUES("mell");
INSERT INTO CITIES(Name) VALUES("gillnetting");
INSERT INTO CITIES(Name) VALUES("preservatives");
INSERT INTO CITIES(Name) VALUES("convolvuli");
INSERT INTO CITIES(Name) VALUES("monopsony");
INSERT INTO CITIES(Name) VALUES("casqued");
INSERT INTO CITIES(Name) VALUES("verticillus");
INSERT INTO CITIES(Name) VALUES("signorize");
INSERT INTO CITIES(Name) VALUES("misspeech");
INSERT INTO CITIES(Name) VALUES("sickest");
INSERT INTO CITIES(Name) VALUES("translatory");
INSERT INTO CITIES(Name) VALUES("microsporangium");
INSERT INTO CITIES(Name) VALUES("dirk");
INSERT INTO CITIES(Name) VALUES("cresylite");
INSERT INTO CAR(number,Con,category) VALUES("deresinate40202",6,1);
INSERT INTO CAR(number,Con,category) VALUES("wherein56534",9,7);
INSERT INTO CAR(number,Con,category) VALUES("difficulty23364",3,5);
INSERT INTO CAR(number,Con,category) VALUES("incases62640",4,7);
INSERT INTO CAR(number,Con,category) VALUES("harmonistically42156",6,5);
INSERT INTO CAR(number,Con,category) VALUES("saiga04041",8,3);
INSERT INTO CAR(number,Con,category) VALUES("preeruptively25052",0,4);
INSERT INTO CAR(number,Con,category) VALUES("monad30236",2,8);
INSERT INTO CAR(number,Con,category) VALUES("assedation12204",8,3);
INSERT INTO CAR(number,Con,category) VALUES("dy03061",2,6);
INSERT INTO CAR(number,Con,category) VALUES("pointillistic10360",4,4);
INSERT INTO CAR(number,Con,category) VALUES("oohing61241",3,3);
INSERT INTO CAR(number,Con,category) VALUES("platitudinously62360",6,5);
INSERT INTO CAR(number,Con,category) VALUES("lipochrome45640",3,0);
INSERT INTO CAR(number,Con,category) VALUES("holishkes63631",5,7);
INSERT INTO CAR(number,Con,category) VALUES("grandrelle40626",9,8);
INSERT INTO CAR(number,Con,category) VALUES("treenail02553",6,1);
INSERT INTO CAR(number,Con,category) VALUES("scourweed14264",8,8);
INSERT INTO CAR(number,Con,category) VALUES("dominatingly10615",5,7);
INSERT INTO CAR(number,Con,category) VALUES("pericranium11613",6,7);
INSERT INTO CAR(number,Con,category) VALUES("cerebrum10111",1,0);
INSERT INTO CAR(number,Con,category) VALUES("uncolonial46252",9,4);
INSERT INTO CAR(number,Con,category) VALUES("mistyped54113",9,8);
INSERT INTO CAR(number,Con,category) VALUES("protrusive02512",3,7);
INSERT INTO CAR(number,Con,category) VALUES("veracities62025",7,5);
INSERT INTO CAR(number,Con,category) VALUES("wherrying42446",5,6);
INSERT INTO CAR(number,Con,category) VALUES("physiciancy64314",8,1);
INSERT INTO CAR(number,Con,category) VALUES("palgat44241",4,1);
INSERT INTO CAR(number,Con,category) VALUES("chalcogen42361",4,0);
INSERT INTO CAR(number,Con,category) VALUES("zarema04401",4,8);
INSERT INTO CAR(number,Con,category) VALUES("unphilanthropically50044",5,5);
INSERT INTO CAR(number,Con,category) VALUES("nuclei32003",2,6);
INSERT INTO CAR(number,Con,category) VALUES("hoke26033",6,3);
INSERT INTO CAR(number,Con,category) VALUES("distichous61601",9,4);
INSERT INTO CAR(number,Con,category) VALUES("extrusion53626",3,5);
INSERT INTO CAR(number,Con,category) VALUES("descending33201",3,5);
INSERT INTO CAR(number,Con,category) VALUES("nondifferentiation42220",3,9);
INSERT INTO CAR(number,Con,category) VALUES("circumvention06351",2,9);
INSERT INTO CAR(number,Con,category) VALUES("fungistatically53335",6,6);
INSERT INTO CAR(number,Con,category) VALUES("latently65621",5,3);
INSERT INTO CAR(number,Con,category) VALUES("unintent63036",4,3);
INSERT INTO CAR(number,Con,category) VALUES("postforms15523",3,0);
INSERT INTO CAR(number,Con,category) VALUES("seraphin31162",6,4);
INSERT INTO CAR(number,Con,category) VALUES("abbotric33434",6,2);
INSERT INTO CAR(number,Con,category) VALUES("santonica35660",0,0);
INSERT INTO CAR(number,Con,category) VALUES("overcivilizing05542",7,3);
INSERT INTO CAR(number,Con,category) VALUES("corporativism44461",7,5);
INSERT INTO CAR(number,Con,category) VALUES("ionospheric16465",5,8);
INSERT INTO CAR(number,Con,category) VALUES("wlatsome60024",9,4);
INSERT INTO CAR(number,Con,category) VALUES("pleurotus34505",6,6);
INSERT INTO CAR(number,Con,category) VALUES("septulum60114",6,8);
INSERT INTO CAR(number,Con,category) VALUES("gridiron46655",3,0);
INSERT INTO CAR(number,Con,category) VALUES("nonsimilar15643",2,5);
INSERT INTO CAR(number,Con,category) VALUES("rhombuses16000",3,0);
INSERT INTO CAR(number,Con,category) VALUES("cered41035",2,9);
INSERT INTO CAR(number,Con,category) VALUES("setness51351",0,1);
INSERT INTO CAR(number,Con,category) VALUES("psychomotility25453",9,3);
INSERT INTO CAR(number,Con,category) VALUES("cyllenian46106",1,7);
INSERT INTO CAR(number,Con,category) VALUES("upharsin11304",8,3);
INSERT INTO CAR(number,Con,category) VALUES("furl02451",8,4);
INSERT INTO CAR(number,Con,category) VALUES("uncompoundable31065",2,6);
INSERT INTO CAR(number,Con,category) VALUES("anatomicosurgical31560",3,7);
INSERT INTO CAR(number,Con,category) VALUES("unfastenable34430",0,0);
INSERT INTO CAR(number,Con,category) VALUES("bonnetless31655",8,0);
INSERT INTO CAR(number,Con,category) VALUES("bigness16206",4,1);
INSERT INTO CAR(number,Con,category) VALUES("prepaving51132",1,8);
INSERT INTO CAR(number,Con,category) VALUES("diselenide56252",2,5);
INSERT INTO CAR(number,Con,category) VALUES("feere04251",0,5);
INSERT INTO CAR(number,Con,category) VALUES("redamaging53465",5,4);
INSERT INTO CAR(number,Con,category) VALUES("refacing64666",1,8);
INSERT INTO CAR(number,Con,category) VALUES("emirship22216",0,0);
INSERT INTO CAR(number,Con,category) VALUES("camassia10413",3,0);
INSERT INTO CAR(number,Con,category) VALUES("soroses63461",1,3);
INSERT INTO CAR(number,Con,category) VALUES("scantier30010",6,2);
INSERT INTO CAR(number,Con,category) VALUES("subordain11555",7,5);
INSERT INTO CAR(number,Con,category) VALUES("gestation66154",2,7);
INSERT INTO CAR(number,Con,category) VALUES("enchasing13334",6,0);
INSERT INTO CAR(number,Con,category) VALUES("parochiality16444",5,9);
INSERT INTO CAR(number,Con,category) VALUES("causations54026",0,6);
INSERT INTO CAR(number,Con,category) VALUES("beneficiating00645",5,1);
INSERT INTO CAR(number,Con,category) VALUES("fusillades60440",2,7);
INSERT INTO CAR(number,Con,category) VALUES("redistillable42332",1,7);
INSERT INTO CAR(number,Con,category) VALUES("incarceration31535",8,2);
INSERT INTO CAR(number,Con,category) VALUES("sorosporium14003",6,1);
INSERT INTO CAR(number,Con,category) VALUES("pulverised26641",9,4);
INSERT INTO CAR(number,Con,category) VALUES("somatics66313",6,1);
INSERT INTO CAR(number,Con,category) VALUES("hajjes61206",5,2);
INSERT INTO CAR(number,Con,category) VALUES("reballot03524",2,8);
INSERT INTO CAR(number,Con,category) VALUES("aristocraticism03622",5,2);
INSERT INTO CAR(number,Con,category) VALUES("petromyzon33221",2,0);
INSERT INTO CAR(number,Con,category) VALUES("looing63103",8,0);
INSERT INTO CAR(number,Con,category) VALUES("hothearted24014",7,8);
INSERT INTO CAR(number,Con,category) VALUES("kickstands22010",2,9);
INSERT INTO CAR(number,Con,category) VALUES("exflect53034",0,5);
INSERT INTO CAR(number,Con,category) VALUES("anticapitalists64446",8,2);
INSERT INTO CAR(number,Con,category) VALUES("objected62463",1,2);
INSERT INTO CAR(number,Con,category) VALUES("spheral05243",0,6);
INSERT INTO CAR(number,Con,category) VALUES("cupulae05552",3,4);
INSERT INTO CAR(number,Con,category) VALUES("announcers53005",6,9);
INSERT INTO CAR(number,Con,category) VALUES("suttapitaka21226",8,6);
INSERT INTO DRIVERS(D_Phone_Number,name,Email,rating,Revenue,Cities_Name,Car_number,Admin_Employee_ID) VALUES(2110116400,"myelomas","soutar@gmail.com",4,3642,"goosegog","deresinate40202",5);
INSERT INTO DRIVERS(D_Phone_Number,name,Email,rating,Revenue,Cities_Name,Car_number,Admin_Employee_ID) VALUES(3254025101,"hefts","deferrize@gmail.com",1,7123,"redbuds","wherein56534",3);
INSERT INTO DRIVERS(D_Phone_Number,name,Email,rating,Revenue,Cities_Name,Car_number,Admin_Employee_ID) VALUES(5221014315,"resensation","mhg@gmail.com",4,9684,"unmeedful","difficulty23364",4);
INSERT INTO DRIVERS(D_Phone_Number,name,Email,rating,Revenue,Cities_Name,Car_number,Admin_Employee_ID) VALUES(3425032033,"fishnet","unsplendorous@gmail.com",8,8056,"chirographical","incases62640",8);
INSERT INTO DRIVERS(D_Phone_Number,name,Email,rating,Revenue,Cities_Name,Car_number,Admin_Employee_ID) VALUES(4225565120,"filletlike","exon@gmail.com",5,6900,"noninterpolative","harmonistically42156",5);
INSERT INTO DRIVERS(D_Phone_Number,name,Email,rating,Revenue,Cities_Name,Car_number,Admin_Employee_ID) VALUES(3240046665,"ultramicroscopical","alogian@gmail.com",5,6909,"translatory","saiga04041",7);
INSERT INTO DRIVERS(D_Phone_Number,name,Email,rating,Revenue,Cities_Name,Car_number,Admin_Employee_ID) VALUES(5404434335,"trabacoli","luxuriated@gmail.com",4,9308,"unexorcisably","preeruptively25052",0);
INSERT INTO DRIVERS(D_Phone_Number,name,Email,rating,Revenue,Cities_Name,Car_number,Admin_Employee_ID) VALUES(1503524205,"appointable","bukat@gmail.com",9,6920,"unmeedful","monad30236",9);
INSERT INTO DRIVERS(D_Phone_Number,name,Email,rating,Revenue,Cities_Name,Car_number,Admin_Employee_ID) VALUES(2553665332,"subdivided","nebulose@gmail.com",9,4676,"unsubrogated","assedation12204",7);
INSERT INTO DRIVERS(D_Phone_Number,name,Email,rating,Revenue,Cities_Name,Car_number,Admin_Employee_ID) VALUES(4540516462,"skipjackly","leafgirl@gmail.com",0,4243,"convolvuli","dy03061",7);
INSERT INTO DRIVERS(D_Phone_Number,name,Email,rating,Revenue,Cities_Name,Car_number,Admin_Employee_ID) VALUES(5623101164,"unturreted","odinite@gmail.com",1,5840,"deadpan","pointillistic10360",9);
INSERT INTO DRIVERS(D_Phone_Number,name,Email,rating,Revenue,Cities_Name,Car_number,Admin_Employee_ID) VALUES(1140132640,"embrake","nape@gmail.com",1,9375,"unmeedful","oohing61241",3);
INSERT INTO DRIVERS(D_Phone_Number,name,Email,rating,Revenue,Cities_Name,Car_number,Admin_Employee_ID) VALUES(2450245544,"dicrostonyx","alastair@gmail.com",7,6507,"swamped","platitudinously62360",7);
INSERT INTO DRIVERS(D_Phone_Number,name,Email,rating,Revenue,Cities_Name,Car_number,Admin_Employee_ID) VALUES(4042440661,"endarchy","cantraip@gmail.com",3,2752,"anisostaminous","lipochrome45640",3);
INSERT INTO DRIVERS(D_Phone_Number,name,Email,rating,Revenue,Cities_Name,Car_number,Admin_Employee_ID) VALUES(6514564165,"paceway","offprinted@gmail.com",1,7100,"overbrace","holishkes63631",1);
INSERT INTO DRIVERS(D_Phone_Number,name,Email,rating,Revenue,Cities_Name,Car_number,Admin_Employee_ID) VALUES(3045166410,"chylopoietic","recondensed@gmail.com",2,7003,"swamped","grandrelle40626",1);
INSERT INTO DRIVERS(D_Phone_Number,name,Email,rating,Revenue,Cities_Name,Car_number,Admin_Employee_ID) VALUES(2226502350,"pir","impregnable@gmail.com",2,9948,"philodendrons","treenail02553",4);
INSERT INTO DRIVERS(D_Phone_Number,name,Email,rating,Revenue,Cities_Name,Car_number,Admin_Employee_ID) VALUES(6552121440,"quadrupedantical","digladiated@gmail.com",4,5674,"merostomatous","scourweed14264",8);
INSERT INTO DRIVERS(D_Phone_Number,name,Email,rating,Revenue,Cities_Name,Car_number,Admin_Employee_ID) VALUES(0530301605,"basalts","apabhramsa@gmail.com",2,2604,"truantness","dominatingly10615",0);
INSERT INTO DRIVERS(D_Phone_Number,name,Email,rating,Revenue,Cities_Name,Car_number,Admin_Employee_ID) VALUES(1164513006,"encephalospinal","shahid@gmail.com",3,4488,"outweeps","pericranium11613",9);
INSERT INTO DRIVERS(D_Phone_Number,name,Email,rating,Revenue,Cities_Name,Car_number,Admin_Employee_ID) VALUES(5151004041,"renotifying","unreproachingly@gmail.com",8,2881,"dirk","cerebrum10111",0);
INSERT INTO DRIVERS(D_Phone_Number,name,Email,rating,Revenue,Cities_Name,Car_number,Admin_Employee_ID) VALUES(4604306523,"agrostologist","spindliest@gmail.com",5,374,"amphictyons","uncolonial46252",8);
INSERT INTO DRIVERS(D_Phone_Number,name,Email,rating,Revenue,Cities_Name,Car_number,Admin_Employee_ID) VALUES(4315420414,"socialising","imprimatura@gmail.com",7,4467,"cresylite","mistyped54113",8);
INSERT INTO DRIVERS(D_Phone_Number,name,Email,rating,Revenue,Cities_Name,Car_number,Admin_Employee_ID) VALUES(6543153655,"octavina","isoxazole@gmail.com",6,5368,"supercedes","protrusive02512",0);
INSERT INTO DRIVERS(D_Phone_Number,name,Email,rating,Revenue,Cities_Name,Car_number,Admin_Employee_ID) VALUES(5164063611,"actinium","doorknob@gmail.com",4,3537,"semiserious","veracities62025",3);
INSERT INTO DRIVERS(D_Phone_Number,name,Email,rating,Revenue,Cities_Name,Car_number,Admin_Employee_ID) VALUES(2044461064,"uncaused","otorhinolaryngologic@gmail.com",9,6702,"ribbandry","wherrying42446",6);
INSERT INTO DRIVERS(D_Phone_Number,name,Email,rating,Revenue,Cities_Name,Car_number,Admin_Employee_ID) VALUES(1410541151,"provident","cofferdam@gmail.com",8,8716,"indispensible","physiciancy64314",0);
INSERT INTO DRIVERS(D_Phone_Number,name,Email,rating,Revenue,Cities_Name,Car_number,Admin_Employee_ID) VALUES(4656245104,"melituric","gufought@gmail.com",4,6086,"detoxifying","palgat44241",8);
INSERT INTO DRIVERS(D_Phone_Number,name,Email,rating,Revenue,Cities_Name,Car_number,Admin_Employee_ID) VALUES(4011302216,"unhealthsomeness","scholastics@gmail.com",5,8443,"unhistory","chalcogen42361",2);
INSERT INTO DRIVERS(D_Phone_Number,name,Email,rating,Revenue,Cities_Name,Car_number,Admin_Employee_ID) VALUES(0435325402,"crammers","terministic@gmail.com",9,2290,"pensile","zarema04401",7);
INSERT INTO DRIVERS(D_Phone_Number,name,Email,rating,Revenue,Cities_Name,Car_number,Admin_Employee_ID) VALUES(1106431434,"umbraculate","uncoquettishness@gmail.com",5,6961,"signorize","unphilanthropically50044",1);
INSERT INTO DRIVERS(D_Phone_Number,name,Email,rating,Revenue,Cities_Name,Car_number,Admin_Employee_ID) VALUES(5535560055,"unvenerability","impressionist@gmail.com",5,5804,"cresylite","nuclei32003",2);
INSERT INTO DRIVERS(D_Phone_Number,name,Email,rating,Revenue,Cities_Name,Car_number,Admin_Employee_ID) VALUES(6150435040,"preextensively","bromopnea@gmail.com",1,4470,"clavelization","hoke26033",3);
INSERT INTO DRIVERS(D_Phone_Number,name,Email,rating,Revenue,Cities_Name,Car_number,Admin_Employee_ID) VALUES(4402223302,"cuttling","oceanology@gmail.com",7,9723,"goosegog","distichous61601",2);
INSERT INTO DRIVERS(D_Phone_Number,name,Email,rating,Revenue,Cities_Name,Car_number,Admin_Employee_ID) VALUES(2621305062,"albitical","intermediae@gmail.com",6,234,"damoetas","extrusion53626",3);
INSERT INTO DRIVERS(D_Phone_Number,name,Email,rating,Revenue,Cities_Name,Car_number,Admin_Employee_ID) VALUES(4644610324,"prehorror","horatory@gmail.com",9,4123,"papable","descending33201",5);
INSERT INTO DRIVERS(D_Phone_Number,name,Email,rating,Revenue,Cities_Name,Car_number,Admin_Employee_ID) VALUES(6653116330,"ecbasis","chryseis@gmail.com",0,6247,"unknowns","nondifferentiation42220",4);
INSERT INTO DRIVERS(D_Phone_Number,name,Email,rating,Revenue,Cities_Name,Car_number,Admin_Employee_ID) VALUES(5604613431,"uredinia","quote@gmail.com",0,7970,"outweeps","circumvention06351",2);
INSERT INTO DRIVERS(D_Phone_Number,name,Email,rating,Revenue,Cities_Name,Car_number,Admin_Employee_ID) VALUES(0554653451,"personship","titanic@gmail.com",3,8730,"pandours","fungistatically53335",1);
INSERT INTO DRIVERS(D_Phone_Number,name,Email,rating,Revenue,Cities_Name,Car_number,Admin_Employee_ID) VALUES(4211552162,"incommunicated","homeozoic@gmail.com",5,6834,"reclivate","latently65621",0);
INSERT INTO DRIVERS(D_Phone_Number,name,Email,rating,Revenue,Cities_Name,Car_number,Admin_Employee_ID) VALUES(1323455621,"oculus","unconditionally@gmail.com",5,7021,"gillnetting","unintent63036",9);
INSERT INTO DRIVERS(D_Phone_Number,name,Email,rating,Revenue,Cities_Name,Car_number,Admin_Employee_ID) VALUES(0663444334,"pensionaries","tricinium@gmail.com",3,1082,"verticillus","postforms15523",2);
INSERT INTO DRIVERS(D_Phone_Number,name,Email,rating,Revenue,Cities_Name,Car_number,Admin_Employee_ID) VALUES(2621522140,"viduine","altercation@gmail.com",8,1516,"sickest","seraphin31162",5);
INSERT INTO DRIVERS(D_Phone_Number,name,Email,rating,Revenue,Cities_Name,Car_number,Admin_Employee_ID) VALUES(6410420465,"gazingstock","revolutionized@gmail.com",6,3422,"polychromatophilia","abbotric33434",0);
INSERT INTO DRIVERS(D_Phone_Number,name,Email,rating,Revenue,Cities_Name,Car_number,Admin_Employee_ID) VALUES(6353042323,"ironicalness","unrevolved@gmail.com",9,8908,"noninterpolative","santonica35660",5);
INSERT INTO DRIVERS(D_Phone_Number,name,Email,rating,Revenue,Cities_Name,Car_number,Admin_Employee_ID) VALUES(6064004244,"miched","teleocephali@gmail.com",1,5180,"overbrace","overcivilizing05542",4);
INSERT INTO DRIVERS(D_Phone_Number,name,Email,rating,Revenue,Cities_Name,Car_number,Admin_Employee_ID) VALUES(4054050142,"undissipated","gunnies@gmail.com",0,7897,"nonreceptiveness","corporativism44461",6);
INSERT INTO DRIVERS(D_Phone_Number,name,Email,rating,Revenue,Cities_Name,Car_number,Admin_Employee_ID) VALUES(3451624344,"male","underestimated@gmail.com",9,5000,"alienable","ionospheric16465",0);
INSERT INTO DRIVERS(D_Phone_Number,name,Email,rating,Revenue,Cities_Name,Car_number,Admin_Employee_ID) VALUES(6250064244,"retinols","bellwaver@gmail.com",0,4335,"remex","wlatsome60024",9);
INSERT INTO DRIVERS(D_Phone_Number,name,Email,rating,Revenue,Cities_Name,Car_number,Admin_Employee_ID) VALUES(0132304453,"lanuginous","atween@gmail.com",2,9790,"signorize","pleurotus34505",1);
INSERT INTO DRIVERS(D_Phone_Number,name,Email,rating,Revenue,Cities_Name,Car_number,Admin_Employee_ID) VALUES(4120525343,"nonnarration","gadfly@gmail.com",8,6494,"beer","septulum60114",4);
INSERT INTO DRIVERS(D_Phone_Number,name,Email,rating,Revenue,Cities_Name,Car_number,Admin_Employee_ID) VALUES(4604332266,"hirundine","psammophile@gmail.com",0,9770,"illuminance","gridiron46655",3);
INSERT INTO DRIVERS(D_Phone_Number,name,Email,rating,Revenue,Cities_Name,Car_number,Admin_Employee_ID) VALUES(5535215223,"forewoman","kiskatomas@gmail.com",0,4527,"trailery","nonsimilar15643",8);
INSERT INTO DRIVERS(D_Phone_Number,name,Email,rating,Revenue,Cities_Name,Car_number,Admin_Employee_ID) VALUES(2201224343,"thebaines","atrazine@gmail.com",3,6511,"unmeedful","rhombuses16000",4);
INSERT INTO DRIVERS(D_Phone_Number,name,Email,rating,Revenue,Cities_Name,Car_number,Admin_Employee_ID) VALUES(6225460560,"decede","patricides@gmail.com",6,485,"nanoinstructions","cered41035",7);
INSERT INTO DRIVERS(D_Phone_Number,name,Email,rating,Revenue,Cities_Name,Car_number,Admin_Employee_ID) VALUES(3124412062,"broiler","pepperoni@gmail.com",6,5743,"beer","setness51351",3);
INSERT INTO DRIVERS(D_Phone_Number,name,Email,rating,Revenue,Cities_Name,Car_number,Admin_Employee_ID) VALUES(1032212146,"interlining","missends@gmail.com",8,9102,"overapprehensiveness","psychomotility25453",7);
INSERT INTO DRIVERS(D_Phone_Number,name,Email,rating,Revenue,Cities_Name,Car_number,Admin_Employee_ID) VALUES(1626426615,"furomonazole","bodacious@gmail.com",1,8012,"unsubrogated","cyllenian46106",1);
INSERT INTO DRIVERS(D_Phone_Number,name,Email,rating,Revenue,Cities_Name,Car_number,Admin_Employee_ID) VALUES(1256362413,"unvulgarising","prolificalness@gmail.com",5,7666,"venusberg","upharsin11304",5);
INSERT INTO DRIVERS(D_Phone_Number,name,Email,rating,Revenue,Cities_Name,Car_number,Admin_Employee_ID) VALUES(2003100542,"nonvaried","uncitizenlike@gmail.com",8,5808,"polychromatophilia","furl02451",0);
INSERT INTO DRIVERS(D_Phone_Number,name,Email,rating,Revenue,Cities_Name,Car_number,Admin_Employee_ID) VALUES(0051366554,"untenacious","soldierlike@gmail.com",7,514,"generativeness","uncompoundable31065",9);
INSERT INTO DRIVERS(D_Phone_Number,name,Email,rating,Revenue,Cities_Name,Car_number,Admin_Employee_ID) VALUES(4243023462,"didelphic","chiquito@gmail.com",7,5599,"anisostaminous","anatomicosurgical31560",9);
INSERT INTO DRIVERS(D_Phone_Number,name,Email,rating,Revenue,Cities_Name,Car_number,Admin_Employee_ID) VALUES(6232052526,"angiotensin","leviathans@gmail.com",9,468,"placelessly","unfastenable34430",0);
INSERT INTO DRIVERS(D_Phone_Number,name,Email,rating,Revenue,Cities_Name,Car_number,Admin_Employee_ID) VALUES(6130013016,"abarticulation","colones@gmail.com",5,802,"truantness","bonnetless31655",7);
INSERT INTO DRIVERS(D_Phone_Number,name,Email,rating,Revenue,Cities_Name,Car_number,Admin_Employee_ID) VALUES(4164035002,"beamster","walth@gmail.com",8,842,"competition","bigness16206",6);
INSERT INTO DRIVERS(D_Phone_Number,name,Email,rating,Revenue,Cities_Name,Car_number,Admin_Employee_ID) VALUES(0112600100,"blarneys","oosporange@gmail.com",3,6017,"meditabund","prepaving51132",7);
INSERT INTO DRIVERS(D_Phone_Number,name,Email,rating,Revenue,Cities_Name,Car_number,Admin_Employee_ID) VALUES(1153150041,"medicamental","restabling@gmail.com",8,914,"functions","diselenide56252",5);
INSERT INTO DRIVERS(D_Phone_Number,name,Email,rating,Revenue,Cities_Name,Car_number,Admin_Employee_ID) VALUES(4132213514,"exultancy","semiluminous@gmail.com",4,6834,"careless","feere04251",6);
INSERT INTO DRIVERS(D_Phone_Number,name,Email,rating,Revenue,Cities_Name,Car_number,Admin_Employee_ID) VALUES(4324145621,"schillerization","nondesistence@gmail.com",1,572,"wings","redamaging53465",1);
INSERT INTO DRIVERS(D_Phone_Number,name,Email,rating,Revenue,Cities_Name,Car_number,Admin_Employee_ID) VALUES(5554023552,"monocoelia","scogger@gmail.com",4,6070,"forceless","refacing64666",4);
INSERT INTO DRIVERS(D_Phone_Number,name,Email,rating,Revenue,Cities_Name,Car_number,Admin_Employee_ID) VALUES(0361133150,"courtroom","weightlessness@gmail.com",2,3471,"pricker","emirship22216",7);
INSERT INTO DRIVERS(D_Phone_Number,name,Email,rating,Revenue,Cities_Name,Car_number,Admin_Employee_ID) VALUES(4540244323,"pearlash","acarus@gmail.com",4,4470,"distending","camassia10413",4);
INSERT INTO DRIVERS(D_Phone_Number,name,Email,rating,Revenue,Cities_Name,Car_number,Admin_Employee_ID) VALUES(6624041420,"interlaces","distressed@gmail.com",2,9414,"unravelable","soroses63461",5);
INSERT INTO DRIVERS(D_Phone_Number,name,Email,rating,Revenue,Cities_Name,Car_number,Admin_Employee_ID) VALUES(3400505665,"handrailing","inaccordancy@gmail.com",5,462,"popleman","scantier30010",1);
INSERT INTO DRIVERS(D_Phone_Number,name,Email,rating,Revenue,Cities_Name,Car_number,Admin_Employee_ID) VALUES(3204300516,"metacromion","tunnelman@gmail.com",7,4442,"monopsony","subordain11555",2);
INSERT INTO DRIVERS(D_Phone_Number,name,Email,rating,Revenue,Cities_Name,Car_number,Admin_Employee_ID) VALUES(0213313261,"keepable","sultanesque@gmail.com",1,2080,"unsubrogated","gestation66154",4);
INSERT INTO DRIVERS(D_Phone_Number,name,Email,rating,Revenue,Cities_Name,Car_number,Admin_Employee_ID) VALUES(2500050355,"bielectrolysis","synorchidism@gmail.com",1,1456,"detoxifying","enchasing13334",2);
INSERT INTO DRIVERS(D_Phone_Number,name,Email,rating,Revenue,Cities_Name,Car_number,Admin_Employee_ID) VALUES(0151244002,"fibulocalcaneal","greenlandman@gmail.com",1,941,"functions","parochiality16444",5);
INSERT INTO DRIVERS(D_Phone_Number,name,Email,rating,Revenue,Cities_Name,Car_number,Admin_Employee_ID) VALUES(1134653431,"pseudonoble","playreader@gmail.com",2,23,"sickest","causations54026",0);
INSERT INTO DRIVERS(D_Phone_Number,name,Email,rating,Revenue,Cities_Name,Car_number,Admin_Employee_ID) VALUES(0600224243,"speechlessly","mutinado@gmail.com",2,9776,"merostomatous","beneficiating00645",2);
INSERT INTO DRIVERS(D_Phone_Number,name,Email,rating,Revenue,Cities_Name,Car_number,Admin_Employee_ID) VALUES(1311550616,"chromoparous","patroonship@gmail.com",0,8109,"popleman","fusillades60440",7);
INSERT INTO DRIVERS(D_Phone_Number,name,Email,rating,Revenue,Cities_Name,Car_number,Admin_Employee_ID) VALUES(2401225326,"kissed","hereunder@gmail.com",5,1829,"translatory","redistillable42332",0);
INSERT INTO DRIVERS(D_Phone_Number,name,Email,rating,Revenue,Cities_Name,Car_number,Admin_Employee_ID) VALUES(3644063413,"harpooners","threonin@gmail.com",5,8160,"frigidities","incarceration31535",2);
INSERT INTO DRIVERS(D_Phone_Number,name,Email,rating,Revenue,Cities_Name,Car_number,Admin_Employee_ID) VALUES(3516053521,"choliambist","chironomidae@gmail.com",7,5723,"dirk","sorosporium14003",6);
INSERT INTO DRIVERS(D_Phone_Number,name,Email,rating,Revenue,Cities_Name,Car_number,Admin_Employee_ID) VALUES(2135210500,"jumboism","hunchy@gmail.com",3,2180,"indispensible","pulverised26641",7);
INSERT INTO DRIVERS(D_Phone_Number,name,Email,rating,Revenue,Cities_Name,Car_number,Admin_Employee_ID) VALUES(0606532425,"metencephalic","digitogenin@gmail.com",5,4819,"cucumber","somatics66313",5);
INSERT INTO DRIVERS(D_Phone_Number,name,Email,rating,Revenue,Cities_Name,Car_number,Admin_Employee_ID) VALUES(6355246165,"missileproof","parallelist@gmail.com",7,9592,"popleman","hajjes61206",5);
INSERT INTO DRIVERS(D_Phone_Number,name,Email,rating,Revenue,Cities_Name,Car_number,Admin_Employee_ID) VALUES(2141356432,"heraclidae","hoosgow@gmail.com",4,5086,"teetotal","reballot03524",8);
INSERT INTO DRIVERS(D_Phone_Number,name,Email,rating,Revenue,Cities_Name,Car_number,Admin_Employee_ID) VALUES(4045434425,"recommunion","sidonian@gmail.com",8,3979,"semispan","aristocraticism03622",2);
INSERT INTO DRIVERS(D_Phone_Number,name,Email,rating,Revenue,Cities_Name,Car_number,Admin_Employee_ID) VALUES(1346161206,"remobilizing","poucey@gmail.com",0,800,"choreographical","petromyzon33221",7);
INSERT INTO DRIVERS(D_Phone_Number,name,Email,rating,Revenue,Cities_Name,Car_number,Admin_Employee_ID) VALUES(4232421526,"supermanifest","skeleton@gmail.com",3,2300,"osteichthyes","looing63103",3);
INSERT INTO DRIVERS(D_Phone_Number,name,Email,rating,Revenue,Cities_Name,Car_number,Admin_Employee_ID) VALUES(4634060131,"uteruses","boraginaceous@gmail.com",6,1761,"competition","hothearted24014",9);
INSERT INTO DRIVERS(D_Phone_Number,name,Email,rating,Revenue,Cities_Name,Car_number,Admin_Employee_ID) VALUES(4031306056,"ligamentary","earthkin@gmail.com",7,4081,"nanoinstructions","kickstands22010",7);
INSERT INTO DRIVERS(D_Phone_Number,name,Email,rating,Revenue,Cities_Name,Car_number,Admin_Employee_ID) VALUES(5050463603,"frieze","tottering@gmail.com",7,8978,"forceless","exflect53034",0);
INSERT INTO DRIVERS(D_Phone_Number,name,Email,rating,Revenue,Cities_Name,Car_number,Admin_Employee_ID) VALUES(1541432010,"sporophyl","anteverted@gmail.com",7,3072,"placelessly","anticapitalists64446",1);
INSERT INTO DRIVERS(D_Phone_Number,name,Email,rating,Revenue,Cities_Name,Car_number,Admin_Employee_ID) VALUES(1060654404,"helicinidae","etiquette@gmail.com",6,704,"overapprehensiveness","objected62463",9);
INSERT INTO DRIVERS(D_Phone_Number,name,Email,rating,Revenue,Cities_Name,Car_number,Admin_Employee_ID) VALUES(3231024623,"allineation","blemishment@gmail.com",4,576,"nanoinstructions","spheral05243",8);
INSERT INTO DRIVERS(D_Phone_Number,name,Email,rating,Revenue,Cities_Name,Car_number,Admin_Employee_ID) VALUES(5540240520,"moid","sefekhet@gmail.com",1,1825,"sickest","cupulae05552",6);
INSERT INTO DRIVERS(D_Phone_Number,name,Email,rating,Revenue,Cities_Name,Car_number,Admin_Employee_ID) VALUES(3301512152,"sporadical","obsidional@gmail.com",5,8597,"semispan","announcers53005",3);
INSERT INTO DRIVERS(D_Phone_Number,name,Email,rating,Revenue,Cities_Name,Car_number,Admin_Employee_ID) VALUES(3220045665,"lemurs","anre@gmail.com",3,3398,"unmeedful","suttapitaka21226",0);
INSERT INTO TRIPS(Trip_ID,Cost,StartTime,Duration,PickUpLocation,DropLocation,Drivers_D_Phone_number) VALUES (1,240,'9-10-5 11:3:2','5:1:11',"clavelization","meditabund",2226502350);
INSERT INTO TRIPS(Trip_ID,Cost,StartTime,Duration,PickUpLocation,DropLocation,Drivers_D_Phone_number) VALUES (2,582,'7-3-3 2:8:9','5:7:13',"swamped","pensile",2401225326);
INSERT INTO TRIPS(Trip_ID,Cost,StartTime,Duration,PickUpLocation,DropLocation,Drivers_D_Phone_number) VALUES (3,884,'11-1-6 4:9:3','10:8:9',"misspeech","outweeps",4232421526);
INSERT INTO TRIPS(Trip_ID,Cost,StartTime,Duration,PickUpLocation,DropLocation,Drivers_D_Phone_number) VALUES (4,342,'7-1-11 2:10:3','2:12:1',"redbuds","teetotal",6232052526);
INSERT INTO TRIPS(Trip_ID,Cost,StartTime,Duration,PickUpLocation,DropLocation,Drivers_D_Phone_number) VALUES (5,391,'13-7-10 12:1:7','7:6:12',"casqued","redbuds",4402223302);
INSERT INTO TRIPS(Trip_ID,Cost,StartTime,Duration,PickUpLocation,DropLocation,Drivers_D_Phone_number) VALUES (6,91,'4-11-9 6:8:11','1:13:4',"placelessly","truantness",4315420414);
INSERT INTO TRIPS(Trip_ID,Cost,StartTime,Duration,PickUpLocation,DropLocation,Drivers_D_Phone_number) VALUES (7,300,'10-6-4 5:5:7','6:7:6',"chirographical","alienable",4634060131);
INSERT INTO TRIPS(Trip_ID,Cost,StartTime,Duration,PickUpLocation,DropLocation,Drivers_D_Phone_number) VALUES (8,805,'5-5-12 8:9:2','5:3:7',"goosegog","distending",0554653451);
INSERT INTO TRIPS(Trip_ID,Cost,StartTime,Duration,PickUpLocation,DropLocation,Drivers_D_Phone_number) VALUES (9,950,'5-13-8 10:6:10','8:12:12',"semispan","alienable",1410541151);
INSERT INTO TRIPS(Trip_ID,Cost,StartTime,Duration,PickUpLocation,DropLocation,Drivers_D_Phone_number) VALUES (10,0,'13-6-5 1:9:12','4:10:5',"signorize","functions",1503524205);
INSERT INTO TRIPS(Trip_ID,Cost,StartTime,Duration,PickUpLocation,DropLocation,Drivers_D_Phone_number) VALUES (11,901,'1-3-10 2:7:3','6:9:8',"wings","polychromatophilia",5535215223);
INSERT INTO TRIPS(Trip_ID,Cost,StartTime,Duration,PickUpLocation,DropLocation,Drivers_D_Phone_number) VALUES (12,846,'9-9-3 6:5:13','9:5:5',"scavenges","wings",3204300516);
INSERT INTO TRIPS(Trip_ID,Cost,StartTime,Duration,PickUpLocation,DropLocation,Drivers_D_Phone_number) VALUES (13,720,'10-5-10 6:8:12','2:8:3',"holily","ecphonema",4324145621);
INSERT INTO TRIPS(Trip_ID,Cost,StartTime,Duration,PickUpLocation,DropLocation,Drivers_D_Phone_number) VALUES (14,154,'11-11-2 1:10:3','13:6:3',"microsporangium","translatory",0530301605);
INSERT INTO TRIPS(Trip_ID,Cost,StartTime,Duration,PickUpLocation,DropLocation,Drivers_D_Phone_number) VALUES (15,706,'13-8-10 9:12:4','13:8:11',"swamped","pensile",4604306523);
INSERT INTO TRIPS(Trip_ID,Cost,StartTime,Duration,PickUpLocation,DropLocation,Drivers_D_Phone_number) VALUES (16,87,'8-10-4 9:7:2','1:1:12',"frigidities","cornstalks",2201224343);
INSERT INTO TRIPS(Trip_ID,Cost,StartTime,Duration,PickUpLocation,DropLocation,Drivers_D_Phone_number) VALUES (17,519,'7-1-11 8:6:7','4:4:7',"placelessly","dirk",0663444334);
INSERT INTO TRIPS(Trip_ID,Cost,StartTime,Duration,PickUpLocation,DropLocation,Drivers_D_Phone_number) VALUES (18,616,'10-1-11 2:2:4','11:3:10',"inextensional","truantness",4324145621);
INSERT INTO TRIPS(Trip_ID,Cost,StartTime,Duration,PickUpLocation,DropLocation,Drivers_D_Phone_number) VALUES (19,333,'7-10-3 11:10:7','1:12:12',"misspeech","translatory",6225460560);
INSERT INTO TRIPS(Trip_ID,Cost,StartTime,Duration,PickUpLocation,DropLocation,Drivers_D_Phone_number) VALUES (20,2,'11-10-12 6:12:2','1:7:3',"tgt","amphictyons",4232421526);
INSERT INTO TRIPS(Trip_ID,Cost,StartTime,Duration,PickUpLocation,DropLocation,Drivers_D_Phone_number) VALUES (21,810,'13-7-8 6:2:6','13:8:9',"semiserious","negotiably",1106431434);
INSERT INTO TRIPS(Trip_ID,Cost,StartTime,Duration,PickUpLocation,DropLocation,Drivers_D_Phone_number) VALUES (22,993,'4-6-10 6:12:10','6:6:7',"outweeps","cimmerianism",6543153655);
INSERT INTO TRIPS(Trip_ID,Cost,StartTime,Duration,PickUpLocation,DropLocation,Drivers_D_Phone_number) VALUES (23,885,'12-12-5 7:6:6','3:2:5',"triticums","supercedes",4164035002);
INSERT INTO TRIPS(Trip_ID,Cost,StartTime,Duration,PickUpLocation,DropLocation,Drivers_D_Phone_number) VALUES (24,100,'8-8-10 8:11:12','6:1:8',"unhistory","reclivate",1153150041);
INSERT INTO TRIPS(Trip_ID,Cost,StartTime,Duration,PickUpLocation,DropLocation,Drivers_D_Phone_number) VALUES (25,20,'8-12-4 10:5:9','4:5:3',"lst","cimmerianism",4315420414);
INSERT INTO TRIPS(Trip_ID,Cost,StartTime,Duration,PickUpLocation,DropLocation,Drivers_D_Phone_number) VALUES (26,865,'13-1-8 12:10:6','7:12:3',"frigidities","truantness",1140132640);
INSERT INTO TRIPS(Trip_ID,Cost,StartTime,Duration,PickUpLocation,DropLocation,Drivers_D_Phone_number) VALUES (27,613,'8-1-1 2:4:9','12:4:12',"deadpan","pricker",5604613431);
INSERT INTO TRIPS(Trip_ID,Cost,StartTime,Duration,PickUpLocation,DropLocation,Drivers_D_Phone_number) VALUES (28,61,'5-12-9 1:3:9','8:2:3',"hentriacontane","clavelization",1346161206);
INSERT INTO TRIPS(Trip_ID,Cost,StartTime,Duration,PickUpLocation,DropLocation,Drivers_D_Phone_number) VALUES (29,604,'11-11-5 1:2:6','13:9:13',"thrombi","compursion",4120525343);
INSERT INTO TRIPS(Trip_ID,Cost,StartTime,Duration,PickUpLocation,DropLocation,Drivers_D_Phone_number) VALUES (30,526,'13-4-2 9:5:5','4:5:11',"sesquitertial","negotiably",5540240520);
INSERT INTO TRIPS(Trip_ID,Cost,StartTime,Duration,PickUpLocation,DropLocation,Drivers_D_Phone_number) VALUES (31,775,'2003-11-02 02:09:30','04:09:07',"goosegog","perioecus",2141356432);
INSERT INTO TRIPS(Trip_ID,Cost,StartTime,Duration,PickUpLocation,DropLocation,Drivers_D_Phone_number) VALUES (32,961,'3-7-9 9:2:2','10:7:10',"functions","placelessly",3425032033);
INSERT INTO TRIPS(Trip_ID,Cost,StartTime,Duration,PickUpLocation,DropLocation,Drivers_D_Phone_number) VALUES (33,660,'8-11-8 1:3:1','8:2:11',"papable","successionless",0051366554);
INSERT INTO TRIPS(Trip_ID,Cost,StartTime,Duration,PickUpLocation,DropLocation,Drivers_D_Phone_number) VALUES (34,246,'13-3-3 2:2:11','4:5:7',"misspeech","preservatives",0600224243);
INSERT INTO TRIPS(Trip_ID,Cost,StartTime,Duration,PickUpLocation,DropLocation,Drivers_D_Phone_number) VALUES (35,442,'1-1-12 1:5:7','2:11:6',"beer","detoxifying",4540244323);
INSERT INTO TRIPS(Trip_ID,Cost,StartTime,Duration,PickUpLocation,DropLocation,Drivers_D_Phone_number) VALUES (36,565,'8-13-4 12:1:9','3:11:4',"overapprehensiveness","outweeps",1164513006);
INSERT INTO TRIPS(Trip_ID,Cost,StartTime,Duration,PickUpLocation,DropLocation,Drivers_D_Phone_number) VALUES (37,609,'3-7-4 11:10:5','5:2:4',"cresylite","nonreceptiveness",0151244002);
INSERT INTO TRIPS(Trip_ID,Cost,StartTime,Duration,PickUpLocation,DropLocation,Drivers_D_Phone_number) VALUES (38,513,'7-10-8 6:1:8','5:6:12',"commandress","thrombi",4011302216);
INSERT INTO TRIPS(Trip_ID,Cost,StartTime,Duration,PickUpLocation,DropLocation,Drivers_D_Phone_number) VALUES (39,957,'7-7-1 2:8:3','5:6:6',"microsporangium","rubricate",3425032033);
INSERT INTO TRIPS(Trip_ID,Cost,StartTime,Duration,PickUpLocation,DropLocation,Drivers_D_Phone_number) VALUES (40,84,'2-3-10 4:5:8','2:11:4',"sickest","superinduction",1032212146);
INSERT INTO TRIPS(Trip_ID,Cost,StartTime,Duration,PickUpLocation,DropLocation,Drivers_D_Phone_number) VALUES (41,508,'12-4-3 12:3:9','4:12:6',"unknowns","clavelization",2500050355);
INSERT INTO TRIPS(Trip_ID,Cost,StartTime,Duration,PickUpLocation,DropLocation,Drivers_D_Phone_number) VALUES (42,694,'11-7-7 4:12:3','12:12:12',"unhistory","overapprehensiveness",2110116400);
INSERT INTO TRIPS(Trip_ID,Cost,StartTime,Duration,PickUpLocation,DropLocation,Drivers_D_Phone_number) VALUES (43,292,'8-12-5 8:7:1','3:11:3',"verticillus","goosegog",2401225326);
INSERT INTO TRIPS(Trip_ID,Cost,StartTime,Duration,PickUpLocation,DropLocation,Drivers_D_Phone_number) VALUES (44,487,'12-2-13 11:4:11','12:10:2',"verticillus","deadpan",1256362413);
INSERT INTO TRIPS(Trip_ID,Cost,StartTime,Duration,PickUpLocation,DropLocation,Drivers_D_Phone_number) VALUES (45,223,'4-4-1 8:11:5','4:1:8',"sesquitertial","signorize",4045434425);
INSERT INTO TRIPS(Trip_ID,Cost,StartTime,Duration,PickUpLocation,DropLocation,Drivers_D_Phone_number) VALUES (46,37,'1-2-2 13:10:10','1:9:4',"frigidities","semiserious",0051366554);
INSERT INTO TRIPS(Trip_ID,Cost,StartTime,Duration,PickUpLocation,DropLocation,Drivers_D_Phone_number) VALUES (47,776,'13-13-7 11:8:9','7:2:10',"pensile","alienable",2044461064);
INSERT INTO TRIPS(Trip_ID,Cost,StartTime,Duration,PickUpLocation,DropLocation,Drivers_D_Phone_number) VALUES (48,324,'12-10-4 6:9:11','11:13:2',"hentriacontane","thrombi",6624041420);
INSERT INTO TRIPS(Trip_ID,Cost,StartTime,Duration,PickUpLocation,DropLocation,Drivers_D_Phone_number) VALUES (49,30,'13-9-7 7:10:7','8:5:2',"unmeedful","venusberg",4232421526);
INSERT INTO TRIPS(Trip_ID,Cost,StartTime,Duration,PickUpLocation,DropLocation,Drivers_D_Phone_number) VALUES (50,203,'6-4-4 2:13:5','5:5:7',"distending","distending",2621305062);
INSERT INTO TRIPS(Trip_ID,Cost,StartTime,Duration,PickUpLocation,DropLocation,Drivers_D_Phone_number) VALUES (51,342,'9-13-9 5:13:13','5:8:4',"osteichthyes","swamped",2141356432);
INSERT INTO TRIPS(Trip_ID,Cost,StartTime,Duration,PickUpLocation,DropLocation,Drivers_D_Phone_number) VALUES (52,90,'6-5-7 12:11:13','12:1:4',"goosegog","commandress",2201224343);
INSERT INTO TRIPS(Trip_ID,Cost,StartTime,Duration,PickUpLocation,DropLocation,Drivers_D_Phone_number) VALUES (53,490,'11-12-10 5:7:8','7:2:11',"engrandizement","pricker",3254025101);
INSERT INTO TRIPS(Trip_ID,Cost,StartTime,Duration,PickUpLocation,DropLocation,Drivers_D_Phone_number) VALUES (54,804,'7-5-5 5:7:4','1:8:4',"speedboats","noninterpolative",2201224343);
INSERT INTO TRIPS(Trip_ID,Cost,StartTime,Duration,PickUpLocation,DropLocation,Drivers_D_Phone_number) VALUES (55,117,'2-9-5 3:5:5','10:6:9',"tgt","wings",1153150041);
INSERT INTO TRIPS(Trip_ID,Cost,StartTime,Duration,PickUpLocation,DropLocation,Drivers_D_Phone_number) VALUES (56,39,'5-13-1 1:12:3','2:11:10',"nanoinstructions","thrombi",6624041420);
INSERT INTO TRIPS(Trip_ID,Cost,StartTime,Duration,PickUpLocation,DropLocation,Drivers_D_Phone_number) VALUES (57,707,'4-13-11 9:13:13','4:11:7',"unknowns","verticillus",4540516462);
INSERT INTO TRIPS(Trip_ID,Cost,StartTime,Duration,PickUpLocation,DropLocation,Drivers_D_Phone_number) VALUES (58,486,'4-13-1 9:1:10','12:9:11',"sickest","tgt",0530301605);
INSERT INTO TRIPS(Trip_ID,Cost,StartTime,Duration,PickUpLocation,DropLocation,Drivers_D_Phone_number) VALUES (59,89,'9-13-7 10:5:1','6:6:3',"compursion","misspeech",3045166410);
INSERT INTO TRIPS(Trip_ID,Cost,StartTime,Duration,PickUpLocation,DropLocation,Drivers_D_Phone_number) VALUES (60,687,'3-10-5 3:7:13','12:7:8',"compursion","forceless",4634060131);
INSERT INTO TRIPS(Trip_ID,Cost,StartTime,Duration,PickUpLocation,DropLocation,Drivers_D_Phone_number) VALUES (61,238,'10-8-12 3:2:2','3:7:5',"mell","superinduction",2201224343);
INSERT INTO TRIPS(Trip_ID,Cost,StartTime,Duration,PickUpLocation,DropLocation,Drivers_D_Phone_number) VALUES (62,280,'8-6-4 13:12:3','7:2:6',"venusberg","truantness",4211552162);
INSERT INTO TRIPS(Trip_ID,Cost,StartTime,Duration,PickUpLocation,DropLocation,Drivers_D_Phone_number) VALUES (63,160,'3-9-10 10:11:2','5:1:4',"reclivate","unsubrogated",0361133150);
INSERT INTO TRIPS(Trip_ID,Cost,StartTime,Duration,PickUpLocation,DropLocation,Drivers_D_Phone_number) VALUES (64,660,'9-13-6 10:10:12','13:9:2',"unsubrogated","pandours",0112600100);
INSERT INTO TRIPS(Trip_ID,Cost,StartTime,Duration,PickUpLocation,DropLocation,Drivers_D_Phone_number) VALUES (65,569,'5-9-2 4:1:4','9:8:1',"sickest","semiserious",2135210500);
INSERT INTO TRIPS(Trip_ID,Cost,StartTime,Duration,PickUpLocation,DropLocation,Drivers_D_Phone_number) VALUES (66,217,'6-12-5 7:10:2','4:4:2',"cucumber","damoetas",4225565120);
INSERT INTO TRIPS(Trip_ID,Cost,StartTime,Duration,PickUpLocation,DropLocation,Drivers_D_Phone_number) VALUES (67,279,'9-10-4 5:11:6','2:9:12',"papable","cresylite",3301512152);
INSERT INTO TRIPS(Trip_ID,Cost,StartTime,Duration,PickUpLocation,DropLocation,Drivers_D_Phone_number) VALUES (68,914,'13-12-10 6:1:6','7:11:3',"forceless","swamped",4402223302);
INSERT INTO TRIPS(Trip_ID,Cost,StartTime,Duration,PickUpLocation,DropLocation,Drivers_D_Phone_number) VALUES (69,116,'9-6-2 9:10:11','5:4:9',"choreographical","sickest",4042440661);
INSERT INTO TRIPS(Trip_ID,Cost,StartTime,Duration,PickUpLocation,DropLocation,Drivers_D_Phone_number) VALUES (70,166,'10-3-13 13:13:2','7:10:11',"trailery","remex",1153150041);
INSERT INTO TRIPS(Trip_ID,Cost,StartTime,Duration,PickUpLocation,DropLocation,Drivers_D_Phone_number) VALUES (71,258,'11-10-5 3:4:13','10:11:8',"semiserious","detoxifying",6653116330);
INSERT INTO TRIPS(Trip_ID,Cost,StartTime,Duration,PickUpLocation,DropLocation,Drivers_D_Phone_number) VALUES (72,103,'5-8-1 4:13:3','3:5:6',"remex","forceless",5540240520);
INSERT INTO TRIPS(Trip_ID,Cost,StartTime,Duration,PickUpLocation,DropLocation,Drivers_D_Phone_number) VALUES (73,496,'6-4-3 1:9:1','1:8:2',"alienable","outweeps",6130013016);
INSERT INTO TRIPS(Trip_ID,Cost,StartTime,Duration,PickUpLocation,DropLocation,Drivers_D_Phone_number) VALUES (74,165,'10-1-11 11:12:10','12:3:8',"unsubrogated","inextensional",4232421526);
INSERT INTO TRIPS(Trip_ID,Cost,StartTime,Duration,PickUpLocation,DropLocation,Drivers_D_Phone_number) VALUES (75,10,'1-10-4 10:4:5','10:11:11',"sesquitertial","frigidities",4540516462);
INSERT INTO TRIPS(Trip_ID,Cost,StartTime,Duration,PickUpLocation,DropLocation,Drivers_D_Phone_number) VALUES (76,61,'10-2-6 12:10:11','7:9:6',"meditabund","negotiably",6150435040);
INSERT INTO TRIPS(Trip_ID,Cost,StartTime,Duration,PickUpLocation,DropLocation,Drivers_D_Phone_number) VALUES (77,835,'8-3-6 1:2:9','9:6:11',"verticillus","holily",4045434425);
INSERT INTO TRIPS(Trip_ID,Cost,StartTime,Duration,PickUpLocation,DropLocation,Drivers_D_Phone_number) VALUES (78,854,'4-13-3 11:1:5','9:3:6',"gillnetting","competition",4644610324);
INSERT INTO TRIPS(Trip_ID,Cost,StartTime,Duration,PickUpLocation,DropLocation,Drivers_D_Phone_number) VALUES (79,201,'4-8-11 13:7:4','10:2:10',"goosegog","beer",2226502350);
INSERT INTO TRIPS(Trip_ID,Cost,StartTime,Duration,PickUpLocation,DropLocation,Drivers_D_Phone_number) VALUES (80,37,'4-2-7 2:3:8','2:3:8',"truantness","convolvuli",4225565120);
INSERT INTO TRIPS(Trip_ID,Cost,StartTime,Duration,PickUpLocation,DropLocation,Drivers_D_Phone_number) VALUES (81,404,'12-6-5 2:7:12','7:9:13',"perioecus","polychromatophilia",2401225326);
INSERT INTO TRIPS(Trip_ID,Cost,StartTime,Duration,PickUpLocation,DropLocation,Drivers_D_Phone_number) VALUES (82,105,'4-12-9 4:10:7','5:6:13',"redbuds","chirographical",4315420414);
INSERT INTO TRIPS(Trip_ID,Cost,StartTime,Duration,PickUpLocation,DropLocation,Drivers_D_Phone_number) VALUES (83,600,'7-2-3 5:12:3','6:5:4',"speedboats","functions",0606532425);
INSERT INTO TRIPS(Trip_ID,Cost,StartTime,Duration,PickUpLocation,DropLocation,Drivers_D_Phone_number) VALUES (84,89,'5-4-4 5:12:8','2:4:13',"alienable","kneed",4211552162);
INSERT INTO TRIPS(Trip_ID,Cost,StartTime,Duration,PickUpLocation,DropLocation,Drivers_D_Phone_number) VALUES (85,381,'12-12-1 11:6:11','7:3:8',"redbuds","bloodlessly",3124412062);
INSERT INTO TRIPS(Trip_ID,Cost,StartTime,Duration,PickUpLocation,DropLocation,Drivers_D_Phone_number) VALUES (86,437,'5-10-12 1:6:10','10:2:7',"trailery","merostomatous",6355246165);
INSERT INTO TRIPS(Trip_ID,Cost,StartTime,Duration,PickUpLocation,DropLocation,Drivers_D_Phone_number) VALUES (87,50,'5-12-12 6:1:3','2:4:12',"venusberg","semispan",5164063611);
INSERT INTO TRIPS(Trip_ID,Cost,StartTime,Duration,PickUpLocation,DropLocation,Drivers_D_Phone_number) VALUES (88,793,'1-7-9 13:4:6','7:12:6',"semispan","meditabund",4540516462);
INSERT INTO TRIPS(Trip_ID,Cost,StartTime,Duration,PickUpLocation,DropLocation,Drivers_D_Phone_number) VALUES (89,864,'11-4-3 12:4:9','4:2:1',"overbrace","meditabund",6653116330);
INSERT INTO TRIPS(Trip_ID,Cost,StartTime,Duration,PickUpLocation,DropLocation,Drivers_D_Phone_number) VALUES (90,666,'8-11-13 2:11:11','9:2:7',"beer","remex",6543153655);
INSERT INTO TRIPS(Trip_ID,Cost,StartTime,Duration,PickUpLocation,DropLocation,Drivers_D_Phone_number) VALUES (91,971,'13-2-1 2:12:5','7:4:9',"pantheology","sickest",4656245104);
INSERT INTO TRIPS(Trip_ID,Cost,StartTime,Duration,PickUpLocation,DropLocation,Drivers_D_Phone_number) VALUES (92,627,'3-11-8 2:4:2','10:5:12',"sesquitertial","osteichthyes",1140132640);
INSERT INTO TRIPS(Trip_ID,Cost,StartTime,Duration,PickUpLocation,DropLocation,Drivers_D_Phone_number) VALUES (93,562,'4-3-8 2:2:12','12:13:8',"sickest","remex",1256362413);
INSERT INTO TRIPS(Trip_ID,Cost,StartTime,Duration,PickUpLocation,DropLocation,Drivers_D_Phone_number) VALUES (94,60,'12-11-2 11:10:11','7:3:11',"pricker","supercedes",6232052526);
INSERT INTO TRIPS(Trip_ID,Cost,StartTime,Duration,PickUpLocation,DropLocation,Drivers_D_Phone_number) VALUES (95,689,'11-12-2 1:13:12','10:5:7',"preservatives","noninterpolative",0213313261);
INSERT INTO TRIPS(Trip_ID,Cost,StartTime,Duration,PickUpLocation,DropLocation,Drivers_D_Phone_number) VALUES (96,25,'12-7-11 13:1:6','2:8:3',"meditabund","sickest",1626426615);
INSERT INTO TRIPS(Trip_ID,Cost,StartTime,Duration,PickUpLocation,DropLocation,Drivers_D_Phone_number) VALUES (97,109,'10-9-10 13:3:9','13:11:6',"trailery","overbrace",4634060131);
INSERT INTO TRIPS(Trip_ID,Cost,StartTime,Duration,PickUpLocation,DropLocation,Drivers_D_Phone_number) VALUES (98,11,'9-1-12 7:8:8','6:11:10',"generativeness","holily",4604306523);
INSERT INTO TRIPS(Trip_ID,Cost,StartTime,Duration,PickUpLocation,DropLocation,Drivers_D_Phone_number) VALUES (99,273,'5-1-2 10:5:4','5:12:2',"signorize","dirk",3425032033);
INSERT INTO TRIPS(Trip_ID,Cost,StartTime,Duration,PickUpLocation,DropLocation,Drivers_D_Phone_number) VALUES (100,601,'9-13-9 11:13:10','9:2:3',"negotiably","reclivate",3240046665);
INSERT INTO CUSTOMER(C_Phone_Number,C_email_ID,C_Name,Wallet,rating,Trips_Trip_ID,Drivers_D_Phone_number,Drivers_D_Phone_number1,Car_number) VALUES(724000000,"homeostatically@gmail.com","rapier",6191,6,31,1164513006,1164513006,"abbotric33434");
INSERT INTO CUSTOMER(C_Phone_Number,C_email_ID,C_Name,Wallet,rating,Trips_Trip_ID,Drivers_D_Phone_number,Drivers_D_Phone_number1,Car_number) VALUES(1646706509,"outcavil@gmail.com","hexahydrated",1617,0,65,4402223302,4402223302,"announcers53005");
INSERT INTO CUSTOMER(C_Phone_Number,C_email_ID,C_Name,Wallet,rating,Trips_Trip_ID,Drivers_D_Phone_number,Drivers_D_Phone_number1,Car_number) VALUES(82996808,"galeodes@gmail.com","millimeter",5160,9,22,3400505665,3400505665,"petromyzon33221");
INSERT INTO CUSTOMER(C_Phone_Number,C_email_ID,C_Name,Wallet,rating,Trips_Trip_ID,Drivers_D_Phone_number,Drivers_D_Phone_number1,Car_number) VALUES(382809563,"redistributing@gmail.com","gonidiose",5373,6,81,2553665332,2553665332,"wlatsome60024");
INSERT INTO CUSTOMER(C_Phone_Number,C_email_ID,C_Name,Wallet,rating,Trips_Trip_ID,Drivers_D_Phone_number,Drivers_D_Phone_number1,Car_number) VALUES(611600896,"micraco@gmail.com","hypertropia",2047,7,5,1106431434,1106431434,"holishkes63631");
INSERT INTO CUSTOMER(C_Phone_Number,C_email_ID,C_Name,Wallet,rating,Trips_Trip_ID,Drivers_D_Phone_number,Drivers_D_Phone_number1,Car_number) VALUES(4117150179,"argents@gmail.com","usedness",7079,1,94,2621522140,2621522140,"subordain11555");
INSERT INTO CUSTOMER(C_Phone_Number,C_email_ID,C_Name,Wallet,rating,Trips_Trip_ID,Drivers_D_Phone_number,Drivers_D_Phone_number1,Car_number) VALUES(3415133002,"unodorousness@gmail.com","dietist",7718,1,46,0051366554,0051366554,"gridiron46655");
INSERT INTO CUSTOMER(C_Phone_Number,C_email_ID,C_Name,Wallet,rating,Trips_Trip_ID,Drivers_D_Phone_number,Drivers_D_Phone_number1,Car_number) VALUES(6083046084,"quietism@gmail.com","trunnels",3479,4,47,3254025101,3254025101,"furl02451");
INSERT INTO CUSTOMER(C_Phone_Number,C_email_ID,C_Name,Wallet,rating,Trips_Trip_ID,Drivers_D_Phone_number,Drivers_D_Phone_number1,Car_number) VALUES(2175456697,"virtual@gmail.com","gladrags",5660,9,32,6150435040,6150435040,"exflect53034");
INSERT INTO CUSTOMER(C_Phone_Number,C_email_ID,C_Name,Wallet,rating,Trips_Trip_ID,Drivers_D_Phone_number,Drivers_D_Phone_number1,Car_number) VALUES(940631017,"palatognathous@gmail.com","stenoses",8847,9,95,4604332266,4604332266,"dy03061");
INSERT INTO CUSTOMER(C_Phone_Number,C_email_ID,C_Name,Wallet,rating,Trips_Trip_ID,Drivers_D_Phone_number,Drivers_D_Phone_number1,Car_number) VALUES(2502941,"unopposedness@gmail.com","grabbing",9819,3,61,5604613431,5604613431,"spheral05243");
INSERT INTO CUSTOMER(C_Phone_Number,C_email_ID,C_Name,Wallet,rating,Trips_Trip_ID,Drivers_D_Phone_number,Drivers_D_Phone_number1,Car_number) VALUES(4341101389,"enregistering@gmail.com","slubber",9436,9,50,1503524205,1503524205,"wherein56534");
INSERT INTO CUSTOMER(C_Phone_Number,C_email_ID,C_Name,Wallet,rating,Trips_Trip_ID,Drivers_D_Phone_number,Drivers_D_Phone_number1,Car_number) VALUES(1193170575,"mcg@gmail.com","coonily",2822,4,59,4164035002,4164035002,"pleurotus34505");
INSERT INTO CUSTOMER(C_Phone_Number,C_email_ID,C_Name,Wallet,rating,Trips_Trip_ID,Drivers_D_Phone_number,Drivers_D_Phone_number1,Car_number) VALUES(2863729807,"clapperclaw@gmail.com","phyllosilicate",5608,4,13,6225460560,6225460560,"parochiality16444");
INSERT INTO CUSTOMER(C_Phone_Number,C_email_ID,C_Name,Wallet,rating,Trips_Trip_ID,Drivers_D_Phone_number,Drivers_D_Phone_number1,Car_number) VALUES(9934804123,"myeloic@gmail.com","engem",3906,1,74,1153150041,1153150041,"fusillades60440");
INSERT INTO CUSTOMER(C_Phone_Number,C_email_ID,C_Name,Wallet,rating,Trips_Trip_ID,Drivers_D_Phone_number,Drivers_D_Phone_number1,Car_number) VALUES(9132531990,"springlike@gmail.com","bureaucracy",2606,4,73,6514564165,6514564165,"incarceration31535");
INSERT INTO CUSTOMER(C_Phone_Number,C_email_ID,C_Name,Wallet,rating,Trips_Trip_ID,Drivers_D_Phone_number,Drivers_D_Phone_number1,Car_number) VALUES(806502064,"nitons@gmail.com","hairdodos",553,4,83,4656245104,4656245104,"nondifferentiation42220");
INSERT INTO CUSTOMER(C_Phone_Number,C_email_ID,C_Name,Wallet,rating,Trips_Trip_ID,Drivers_D_Phone_number,Drivers_D_Phone_number1,Car_number) VALUES(7123999598,"chuppahs@gmail.com","theek",703,0,26,3400505665,3400505665,"difficulty23364");
INSERT INTO CUSTOMER(C_Phone_Number,C_email_ID,C_Name,Wallet,rating,Trips_Trip_ID,Drivers_D_Phone_number,Drivers_D_Phone_number1,Car_number) VALUES(305887750,"cancelment@gmail.com","harelip",4060,0,71,3301512152,3301512152,"spheral05243");
INSERT INTO CUSTOMER(C_Phone_Number,C_email_ID,C_Name,Wallet,rating,Trips_Trip_ID,Drivers_D_Phone_number,Drivers_D_Phone_number1,Car_number) VALUES(4100515220,"conventual@gmail.com","erases",2120,6,71,3425032033,3425032033,"latently65621");
INSERT INTO CUSTOMER(C_Phone_Number,C_email_ID,C_Name,Wallet,rating,Trips_Trip_ID,Drivers_D_Phone_number,Drivers_D_Phone_number1,Car_number) VALUES(2510544529,"preilluminate@gmail.com","hydraulics",5308,3,46,6232052526,6232052526,"circumvention06351");
INSERT INTO CUSTOMER(C_Phone_Number,C_email_ID,C_Name,Wallet,rating,Trips_Trip_ID,Drivers_D_Phone_number,Drivers_D_Phone_number1,Car_number) VALUES(3304875880,"nonmechanically@gmail.com","undescendable",9628,4,48,3045166410,3045166410,"objected62463");
INSERT INTO CUSTOMER(C_Phone_Number,C_email_ID,C_Name,Wallet,rating,Trips_Trip_ID,Drivers_D_Phone_number,Drivers_D_Phone_number1,Car_number) VALUES(274851335,"chastens@gmail.com","pinyon",3058,1,60,2621305062,2621305062,"ionospheric16465");
INSERT INTO CUSTOMER(C_Phone_Number,C_email_ID,C_Name,Wallet,rating,Trips_Trip_ID,Drivers_D_Phone_number,Drivers_D_Phone_number1,Car_number) VALUES(3003261926,"isothermous@gmail.com","dialyzed",4306,0,78,6250064244,6250064244,"dy03061");
INSERT INTO CUSTOMER(C_Phone_Number,C_email_ID,C_Name,Wallet,rating,Trips_Trip_ID,Drivers_D_Phone_number,Drivers_D_Phone_number1,Car_number) VALUES(5061215237,"inflationary@gmail.com","boult",8216,2,21,5540240520,5540240520,"nonsimilar15643");
INSERT INTO CUSTOMER(C_Phone_Number,C_email_ID,C_Name,Wallet,rating,Trips_Trip_ID,Drivers_D_Phone_number,Drivers_D_Phone_number1,Car_number) VALUES(9552615886,"ultrahigh@gmail.com","linolate",4027,5,28,6250064244,6250064244,"feere04251");
INSERT INTO CUSTOMER(C_Phone_Number,C_email_ID,C_Name,Wallet,rating,Trips_Trip_ID,Drivers_D_Phone_number,Drivers_D_Phone_number1,Car_number) VALUES(9895727948,"bayong@gmail.com","ponderability",4293,4,24,4604306523,4604306523,"deresinate40202");
INSERT INTO CUSTOMER(C_Phone_Number,C_email_ID,C_Name,Wallet,rating,Trips_Trip_ID,Drivers_D_Phone_number,Drivers_D_Phone_number1,Car_number) VALUES(2325476852,"nasomalar@gmail.com","fishyard",5044,0,86,3204300516,3204300516,"dy03061");
INSERT INTO CUSTOMER(C_Phone_Number,C_email_ID,C_Name,Wallet,rating,Trips_Trip_ID,Drivers_D_Phone_number,Drivers_D_Phone_number1,Car_number) VALUES(8151679310,"responsively@gmail.com","uteroparietal",800,4,82,4540244323,4540244323,"diselenide56252");
INSERT INTO CUSTOMER(C_Phone_Number,C_email_ID,C_Name,Wallet,rating,Trips_Trip_ID,Drivers_D_Phone_number,Drivers_D_Phone_number1,Car_number) VALUES(8051118887,"spongious@gmail.com","pasticheur",3667,9,31,3516053521,3516053521,"protrusive02512");
INSERT INTO CUSTOMER(C_Phone_Number,C_email_ID,C_Name,Wallet,rating,Trips_Trip_ID,Drivers_D_Phone_number,Drivers_D_Phone_number1,Car_number) VALUES(4730257720,"glycan@gmail.com","pupigenous",3008,8,67,6355246165,6355246165,"redamaging53465");
INSERT INTO CUSTOMER(C_Phone_Number,C_email_ID,C_Name,Wallet,rating,Trips_Trip_ID,Drivers_D_Phone_number,Drivers_D_Phone_number1,Car_number) VALUES(9671150212,"perpetration@gmail.com","altingiaceous",9367,7,97,3204300516,3204300516,"zarema04401");
INSERT INTO CUSTOMER(C_Phone_Number,C_email_ID,C_Name,Wallet,rating,Trips_Trip_ID,Drivers_D_Phone_number,Drivers_D_Phone_number1,Car_number) VALUES(2054900937,"dromoi@gmail.com","intermezzos",9465,9,7,1311550616,1311550616,"seraphin31162");
INSERT INTO CUSTOMER(C_Phone_Number,C_email_ID,C_Name,Wallet,rating,Trips_Trip_ID,Drivers_D_Phone_number,Drivers_D_Phone_number1,Car_number) VALUES(979900400,"practico@gmail.com","albinal",835,0,26,3301512152,3301512152,"palgat44241");
INSERT INTO CUSTOMER(C_Phone_Number,C_email_ID,C_Name,Wallet,rating,Trips_Trip_ID,Drivers_D_Phone_number,Drivers_D_Phone_number1,Car_number) VALUES(636980613,"celts@gmail.com","turgites",8768,8,82,4045434425,4045434425,"difficulty23364");
INSERT INTO CUSTOMER(C_Phone_Number,C_email_ID,C_Name,Wallet,rating,Trips_Trip_ID,Drivers_D_Phone_number,Drivers_D_Phone_number1,Car_number) VALUES(3790074441,"ergasia@gmail.com","polyclad",1058,0,22,4315420414,4315420414,"causations54026");
INSERT INTO CUSTOMER(C_Phone_Number,C_email_ID,C_Name,Wallet,rating,Trips_Trip_ID,Drivers_D_Phone_number,Drivers_D_Phone_number1,Car_number) VALUES(1260156974,"embosking@gmail.com","philoprogenitive",708,0,69,6552121440,6552121440,"pulverised26641");
INSERT INTO CUSTOMER(C_Phone_Number,C_email_ID,C_Name,Wallet,rating,Trips_Trip_ID,Drivers_D_Phone_number,Drivers_D_Phone_number1,Car_number) VALUES(2585620542,"dani@gmail.com","molala",3005,7,79,5404434335,5404434335,"holishkes63631");
INSERT INTO CUSTOMER(C_Phone_Number,C_email_ID,C_Name,Wallet,rating,Trips_Trip_ID,Drivers_D_Phone_number,Drivers_D_Phone_number1,Car_number) VALUES(781635148,"outdriving@gmail.com","floscularia",320,4,14,0600224243,0600224243,"postforms15523");
INSERT INTO CUSTOMER(C_Phone_Number,C_email_ID,C_Name,Wallet,rating,Trips_Trip_ID,Drivers_D_Phone_number,Drivers_D_Phone_number1,Car_number) VALUES(5087190099,"caponata@gmail.com","encaenia",6830,3,51,6653116330,6653116330,"prepaving51132");
INSERT INTO CUSTOMER(C_Phone_Number,C_email_ID,C_Name,Wallet,rating,Trips_Trip_ID,Drivers_D_Phone_number,Drivers_D_Phone_number1,Car_number) VALUES(1064671085,"nuttallia@gmail.com","civilization",936,0,34,4644610324,4644610324,"assedation12204");
INSERT INTO CUSTOMER(C_Phone_Number,C_email_ID,C_Name,Wallet,rating,Trips_Trip_ID,Drivers_D_Phone_number,Drivers_D_Phone_number1,Car_number) VALUES(9404933808,"vocational@gmail.com","declinator",5000,4,13,0051366554,0051366554,"anticapitalists64446");
INSERT INTO CUSTOMER(C_Phone_Number,C_email_ID,C_Name,Wallet,rating,Trips_Trip_ID,Drivers_D_Phone_number,Drivers_D_Phone_number1,Car_number) VALUES(7007298100,"midgety@gmail.com","hipparion",6017,1,31,1541432010,1541432010,"spheral05243");
INSERT INTO CUSTOMER(C_Phone_Number,C_email_ID,C_Name,Wallet,rating,Trips_Trip_ID,Drivers_D_Phone_number,Drivers_D_Phone_number1,Car_number) VALUES(3373208552,"glassite@gmail.com","antineutrons",9224,8,79,6624041420,6624041420,"pleurotus34505");
INSERT INTO CUSTOMER(C_Phone_Number,C_email_ID,C_Name,Wallet,rating,Trips_Trip_ID,Drivers_D_Phone_number,Drivers_D_Phone_number1,Car_number) VALUES(6185415101,"teda@gmail.com","disembrace",9502,8,51,1346161206,1346161206,"diselenide56252");
INSERT INTO CUSTOMER(C_Phone_Number,C_email_ID,C_Name,Wallet,rating,Trips_Trip_ID,Drivers_D_Phone_number,Drivers_D_Phone_number1,Car_number) VALUES(4172728550,"ruritanian@gmail.com","biography",9072,9,77,5050463603,5050463603,"protrusive02512");
INSERT INTO CUSTOMER(C_Phone_Number,C_email_ID,C_Name,Wallet,rating,Trips_Trip_ID,Drivers_D_Phone_number,Drivers_D_Phone_number1,Car_number) VALUES(64364059,"tobaccofied@gmail.com","oligoprothesy",2909,6,49,0213313261,0213313261,"bonnetless31655");
INSERT INTO CUSTOMER(C_Phone_Number,C_email_ID,C_Name,Wallet,rating,Trips_Trip_ID,Drivers_D_Phone_number,Drivers_D_Phone_number1,Car_number) VALUES(510000846,"swastikas@gmail.com","pentagonohedron",7112,9,50,6514564165,6514564165,"zarema04401");
INSERT INTO CUSTOMER(C_Phone_Number,C_email_ID,C_Name,Wallet,rating,Trips_Trip_ID,Drivers_D_Phone_number,Drivers_D_Phone_number1,Car_number) VALUES(8918724340,"demythologizes@gmail.com","turbined",7010,5,66,1503524205,1503524205,"prepaving51132");
INSERT INTO CUSTOMER(C_Phone_Number,C_email_ID,C_Name,Wallet,rating,Trips_Trip_ID,Drivers_D_Phone_number,Drivers_D_Phone_number1,Car_number) VALUES(4663132935,"denotationally@gmail.com","breastworks",9371,6,24,6624041420,6624041420,"overcivilizing05542");
INSERT INTO CUSTOMER(C_Phone_Number,C_email_ID,C_Name,Wallet,rating,Trips_Trip_ID,Drivers_D_Phone_number,Drivers_D_Phone_number1,Car_number) VALUES(511690860,"exopterygotic@gmail.com","santee",2201,8,93,5535215223,5535215223,"unphilanthropically50044");
INSERT INTO CUSTOMER(C_Phone_Number,C_email_ID,C_Name,Wallet,rating,Trips_Trip_ID,Drivers_D_Phone_number,Drivers_D_Phone_number1,Car_number) VALUES(6470058768,"chelerythrin@gmail.com","dormy",2601,6,82,4211552162,4211552162,"dominatingly10615");
INSERT INTO CUSTOMER(C_Phone_Number,C_email_ID,C_Name,Wallet,rating,Trips_Trip_ID,Drivers_D_Phone_number,Drivers_D_Phone_number1,Car_number) VALUES(9379302501,"thermosiphon@gmail.com","aminoquinoline",3935,8,35,3451624344,3451624344,"postforms15523");
INSERT INTO CUSTOMER(C_Phone_Number,C_email_ID,C_Name,Wallet,rating,Trips_Trip_ID,Drivers_D_Phone_number,Drivers_D_Phone_number1,Car_number) VALUES(6099051053,"cucumis@gmail.com","nonnatives",7219,9,53,4604306523,4604306523,"refacing64666");
INSERT INTO CUSTOMER(C_Phone_Number,C_email_ID,C_Name,Wallet,rating,Trips_Trip_ID,Drivers_D_Phone_number,Drivers_D_Phone_number1,Car_number) VALUES(936911886,"uncommunicative@gmail.com","syllabicating",2846,0,36,4011302216,4011302216,"nuclei32003");
INSERT INTO CUSTOMER(C_Phone_Number,C_email_ID,C_Name,Wallet,rating,Trips_Trip_ID,Drivers_D_Phone_number,Drivers_D_Phone_number1,Car_number) VALUES(279805990,"dourah@gmail.com","paganiser",3025,1,41,1541432010,1541432010,"furl02451");
INSERT INTO CUSTOMER(C_Phone_Number,C_email_ID,C_Name,Wallet,rating,Trips_Trip_ID,Drivers_D_Phone_number,Drivers_D_Phone_number1,Car_number) VALUES(2456723050,"conjurations@gmail.com","unbrightly",3726,2,66,2141356432,2141356432,"reballot03524");
INSERT INTO CUSTOMER(C_Phone_Number,C_email_ID,C_Name,Wallet,rating,Trips_Trip_ID,Drivers_D_Phone_number,Drivers_D_Phone_number1,Car_number) VALUES(9374140501,"josser@gmail.com","acestes",4833,0,88,6150435040,6150435040,"bigness16206");
INSERT INTO CUSTOMER(C_Phone_Number,C_email_ID,C_Name,Wallet,rating,Trips_Trip_ID,Drivers_D_Phone_number,Drivers_D_Phone_number1,Car_number) VALUES(7014134350,"poltina@gmail.com","badgerer",8087,1,61,1346161206,1346161206,"pulverised26641");
INSERT INTO CUSTOMER(C_Phone_Number,C_email_ID,C_Name,Wallet,rating,Trips_Trip_ID,Drivers_D_Phone_number,Drivers_D_Phone_number1,Car_number) VALUES(9046950069,"ironclad@gmail.com","oximes",7358,2,72,1060654404,1060654404,"assedation12204");
INSERT INTO CUSTOMER(C_Phone_Number,C_email_ID,C_Name,Wallet,rating,Trips_Trip_ID,Drivers_D_Phone_number,Drivers_D_Phone_number1,Car_number) VALUES(6057377027,"acetamide@gmail.com","lutein",4067,9,93,5221014315,5221014315,"upharsin11304");
INSERT INTO CUSTOMER(C_Phone_Number,C_email_ID,C_Name,Wallet,rating,Trips_Trip_ID,Drivers_D_Phone_number,Drivers_D_Phone_number1,Car_number) VALUES(686202193,"preceptually@gmail.com","dwindlement",3094,5,85,3220045665,3220045665,"dy03061");
INSERT INTO CUSTOMER(C_Phone_Number,C_email_ID,C_Name,Wallet,rating,Trips_Trip_ID,Drivers_D_Phone_number,Drivers_D_Phone_number1,Car_number) VALUES(3000168519,"bandura@gmail.com","reconsole",8221,0,95,6653116330,6653116330,"causations54026");
INSERT INTO CUSTOMER(C_Phone_Number,C_email_ID,C_Name,Wallet,rating,Trips_Trip_ID,Drivers_D_Phone_number,Drivers_D_Phone_number1,Car_number) VALUES(3507519447,"novodamus@gmail.com","suspends",1985,0,98,2141356432,2141356432,"soroses63461");
INSERT INTO CUSTOMER(C_Phone_Number,C_email_ID,C_Name,Wallet,rating,Trips_Trip_ID,Drivers_D_Phone_number,Drivers_D_Phone_number1,Car_number) VALUES(975359112,"stealthier@gmail.com","ascript",802,3,55,4232421526,4232421526,"fusillades60440");
INSERT INTO CUSTOMER(C_Phone_Number,C_email_ID,C_Name,Wallet,rating,Trips_Trip_ID,Drivers_D_Phone_number,Drivers_D_Phone_number1,Car_number) VALUES(8715320987,"cystidia@gmail.com","bedlamising",4874,5,78,6250064244,6250064244,"setness51351");
INSERT INTO CUSTOMER(C_Phone_Number,C_email_ID,C_Name,Wallet,rating,Trips_Trip_ID,Drivers_D_Phone_number,Drivers_D_Phone_number1,Car_number) VALUES(5001461009,"czarist@gmail.com","unmurmured",6297,1,46,6150435040,6150435040,"suttapitaka21226");
INSERT INTO CUSTOMER(C_Phone_Number,C_email_ID,C_Name,Wallet,rating,Trips_Trip_ID,Drivers_D_Phone_number,Drivers_D_Phone_number1,Car_number) VALUES(445006742,"merse@gmail.com","eccrinology",1068,3,46,5050463603,5050463603,"platitudinously62360");
INSERT INTO CUSTOMER(C_Phone_Number,C_email_ID,C_Name,Wallet,rating,Trips_Trip_ID,Drivers_D_Phone_number,Drivers_D_Phone_number1,Car_number) VALUES(54600309,"overpowered@gmail.com","ishmael",4708,8,50,5221014315,5221014315,"treenail02553");
INSERT INTO CUSTOMER(C_Phone_Number,C_email_ID,C_Name,Wallet,rating,Trips_Trip_ID,Drivers_D_Phone_number,Drivers_D_Phone_number1,Car_number) VALUES(9429968382,"altruism@gmail.com","talweg",4513,2,41,4402223302,4402223302,"descending33201");
INSERT INTO CUSTOMER(C_Phone_Number,C_email_ID,C_Name,Wallet,rating,Trips_Trip_ID,Drivers_D_Phone_number,Drivers_D_Phone_number1,Car_number) VALUES(6493183504,"expendible@gmail.com","endognath",8007,3,19,3644063413,3644063413,"oohing61241");
INSERT INTO CUSTOMER(C_Phone_Number,C_email_ID,C_Name,Wallet,rating,Trips_Trip_ID,Drivers_D_Phone_number,Drivers_D_Phone_number1,Car_number) VALUES(6808997312,"danced@gmail.com","turcification",693,2,61,4656245104,4656245104,"protrusive02512");
INSERT INTO CUSTOMER(C_Phone_Number,C_email_ID,C_Name,Wallet,rating,Trips_Trip_ID,Drivers_D_Phone_number,Drivers_D_Phone_number1,Car_number) VALUES(1062908304,"unsnuffed@gmail.com","simpleheartedness",72,0,42,2621305062,2621305062,"incarceration31535");
INSERT INTO CUSTOMER(C_Phone_Number,C_email_ID,C_Name,Wallet,rating,Trips_Trip_ID,Drivers_D_Phone_number,Drivers_D_Phone_number1,Car_number) VALUES(466721023,"dissimilarity@gmail.com","giddyish",6009,6,5,0554653451,0554653451,"pointillistic10360");
INSERT INTO CUSTOMER(C_Phone_Number,C_email_ID,C_Name,Wallet,rating,Trips_Trip_ID,Drivers_D_Phone_number,Drivers_D_Phone_number1,Car_number) VALUES(2102709045,"coryphylly@gmail.com","usurpership",3601,3,44,5151004041,5151004041,"uncompoundable31065");
INSERT INTO CUSTOMER(C_Phone_Number,C_email_ID,C_Name,Wallet,rating,Trips_Trip_ID,Drivers_D_Phone_number,Drivers_D_Phone_number1,Car_number) VALUES(4508227398,"misadventurous@gmail.com","timmer",3027,3,12,1106431434,1106431434,"overcivilizing05542");
INSERT INTO CUSTOMER(C_Phone_Number,C_email_ID,C_Name,Wallet,rating,Trips_Trip_ID,Drivers_D_Phone_number,Drivers_D_Phone_number1,Car_number) VALUES(5084800759,"casuistess@gmail.com","runneth",9731,0,46,2201224343,2201224343,"protrusive02512");
INSERT INTO CUSTOMER(C_Phone_Number,C_email_ID,C_Name,Wallet,rating,Trips_Trip_ID,Drivers_D_Phone_number,Drivers_D_Phone_number1,Car_number) VALUES(6704470532,"rebranches@gmail.com","japery",6021,3,7,5050463603,5050463603,"uncompoundable31065");
INSERT INTO CUSTOMER(C_Phone_Number,C_email_ID,C_Name,Wallet,rating,Trips_Trip_ID,Drivers_D_Phone_number,Drivers_D_Phone_number1,Car_number) VALUES(5678040704,"outbrag@gmail.com","politicalizing",7202,0,89,5151004041,5151004041,"setness51351");
INSERT INTO CUSTOMER(C_Phone_Number,C_email_ID,C_Name,Wallet,rating,Trips_Trip_ID,Drivers_D_Phone_number,Drivers_D_Phone_number1,Car_number) VALUES(440172129,"pippinface@gmail.com","unnobleness",691,8,34,4225565120,4225565120,"aristocraticism03622");
INSERT INTO CUSTOMER(C_Phone_Number,C_email_ID,C_Name,Wallet,rating,Trips_Trip_ID,Drivers_D_Phone_number,Drivers_D_Phone_number1,Car_number) VALUES(2352177785,"bucerotidae@gmail.com","hydramnios",7005,5,2,3045166410,3045166410,"scantier30010");
INSERT INTO CUSTOMER(C_Phone_Number,C_email_ID,C_Name,Wallet,rating,Trips_Trip_ID,Drivers_D_Phone_number,Drivers_D_Phone_number1,Car_number) VALUES(53697718,"nonequals@gmail.com","extracting",3111,2,96,2141356432,2141356432,"diselenide56252");
INSERT INTO CUSTOMER(C_Phone_Number,C_email_ID,C_Name,Wallet,rating,Trips_Trip_ID,Drivers_D_Phone_number,Drivers_D_Phone_number1,Car_number) VALUES(8474904602,"battleplane@gmail.com","tordrillite",7710,2,68,3124412062,3124412062,"furl02451");
INSERT INTO CUSTOMER(C_Phone_Number,C_email_ID,C_Name,Wallet,rating,Trips_Trip_ID,Drivers_D_Phone_number,Drivers_D_Phone_number1,Car_number) VALUES(2802505004,"cotterway@gmail.com","assault",3294,7,30,4054050142,4054050142,"aristocraticism03622");
INSERT INTO CUSTOMER(C_Phone_Number,C_email_ID,C_Name,Wallet,rating,Trips_Trip_ID,Drivers_D_Phone_number,Drivers_D_Phone_number1,Car_number) VALUES(2894529987,"ileostomies@gmail.com","catchall",3102,6,13,1164513006,1164513006,"treenail02553");
INSERT INTO CUSTOMER(C_Phone_Number,C_email_ID,C_Name,Wallet,rating,Trips_Trip_ID,Drivers_D_Phone_number,Drivers_D_Phone_number1,Car_number) VALUES(7327918314,"methodist@gmail.com","wacker",6901,8,11,2226502350,2226502350,"pulverised26641");
INSERT INTO CUSTOMER(C_Phone_Number,C_email_ID,C_Name,Wallet,rating,Trips_Trip_ID,Drivers_D_Phone_number,Drivers_D_Phone_number1,Car_number) VALUES(2411798733,"harebell@gmail.com","translatorship",4135,0,96,1541432010,1541432010,"prepaving51132");
INSERT INTO CUSTOMER(C_Phone_Number,C_email_ID,C_Name,Wallet,rating,Trips_Trip_ID,Drivers_D_Phone_number,Drivers_D_Phone_number1,Car_number) VALUES(1234434401,"interminate@gmail.com","discreeter",1329,5,30,5535560055,5535560055,"emirship22216");
INSERT INTO CUSTOMER(C_Phone_Number,C_email_ID,C_Name,Wallet,rating,Trips_Trip_ID,Drivers_D_Phone_number,Drivers_D_Phone_number1,Car_number) VALUES(2489753138,"nonbending@gmail.com","illegible",5491,6,82,6653116330,6653116330,"scantier30010");
INSERT INTO CUSTOMER(C_Phone_Number,C_email_ID,C_Name,Wallet,rating,Trips_Trip_ID,Drivers_D_Phone_number,Drivers_D_Phone_number1,Car_number) VALUES(4701509259,"guilefulness@gmail.com","incognoscible",3037,1,67,4604306523,4604306523,"parochiality16444");
INSERT INTO CUSTOMER(C_Phone_Number,C_email_ID,C_Name,Wallet,rating,Trips_Trip_ID,Drivers_D_Phone_number,Drivers_D_Phone_number1,Car_number) VALUES(1228130022,"ravioli@gmail.com","uncreativity",3926,7,24,1134653431,1134653431,"announcers53005");
INSERT INTO CUSTOMER(C_Phone_Number,C_email_ID,C_Name,Wallet,rating,Trips_Trip_ID,Drivers_D_Phone_number,Drivers_D_Phone_number1,Car_number) VALUES(5089542058,"laboress@gmail.com","sorehawk",6942,7,31,5404434335,5404434335,"dominatingly10615");
INSERT INTO CUSTOMER(C_Phone_Number,C_email_ID,C_Name,Wallet,rating,Trips_Trip_ID,Drivers_D_Phone_number,Drivers_D_Phone_number1,Car_number) VALUES(817844196,"copelate@gmail.com","microchiropterous",9518,1,20,6150435040,6150435040,"grandrelle40626");
INSERT INTO CUSTOMER(C_Phone_Number,C_email_ID,C_Name,Wallet,rating,Trips_Trip_ID,Drivers_D_Phone_number,Drivers_D_Phone_number1,Car_number) VALUES(7800510278,"spurries@gmail.com","phantasmist",4989,9,2,0600224243,0600224243,"diselenide56252");
INSERT INTO CUSTOMER(C_Phone_Number,C_email_ID,C_Name,Wallet,rating,Trips_Trip_ID,Drivers_D_Phone_number,Drivers_D_Phone_number1,Car_number) VALUES(9406160962,"anticoincidence@gmail.com","hexahedrons",1928,5,23,2003100542,2003100542,"overcivilizing05542");
INSERT INTO CUSTOMER(C_Phone_Number,C_email_ID,C_Name,Wallet,rating,Trips_Trip_ID,Drivers_D_Phone_number,Drivers_D_Phone_number1,Car_number) VALUES(5306057060,"tranced@gmail.com","arrentable",7624,1,47,5604613431,5604613431,"soroses63461");
INSERT INTO CUSTOMER(C_Phone_Number,C_email_ID,C_Name,Wallet,rating,Trips_Trip_ID,Drivers_D_Phone_number,Drivers_D_Phone_number1,Car_number) VALUES(2360312401,"reexhibition@gmail.com","uncontrovertableness",6082,0,91,1256362413,1256362413,"abbotric33434");
INSERT INTO CUSTOMER(C_Phone_Number,C_email_ID,C_Name,Wallet,rating,Trips_Trip_ID,Drivers_D_Phone_number,Drivers_D_Phone_number1,Car_number) VALUES(8431770062,"kouros@gmail.com","unvictimized",82,7,88,0213313261,0213313261,"pleurotus34505");
INSERT INTO CUSTOMER(C_Phone_Number,C_email_ID,C_Name,Wallet,rating,Trips_Trip_ID,Drivers_D_Phone_number,Drivers_D_Phone_number1,Car_number) VALUES(2186099481,"delphinite@gmail.com","gavages",8056,9,55,4644610324,4644610324,"oohing61241");
INSERT INTO CUSTOMER(C_Phone_Number,C_email_ID,C_Name,Wallet,rating,Trips_Trip_ID,Drivers_D_Phone_number,Drivers_D_Phone_number1,Car_number) VALUES(1034000598,"broader@gmail.com","centigrams",3039,5,37,1346161206,1346161206,"bonnetless31655");
INSERT INTO CUSTOMER(C_Phone_Number,C_email_ID,C_Name,Wallet,rating,Trips_Trip_ID,Drivers_D_Phone_number,Drivers_D_Phone_number1,Car_number) VALUES(3582088,"startfulness@gmail.com","unsecurableness",7649,6,82,6064004244,6064004244,"overcivilizing05542");
INSERT INTO CUSTOMER(C_Phone_Number,C_email_ID,C_Name,Wallet,rating,Trips_Trip_ID,Drivers_D_Phone_number,Drivers_D_Phone_number1,Car_number) VALUES(5306797653,"overchrome@gmail.com","unstrapped",8896,4,77,3124412062,3124412062,"beneficiating00645");
INSERT INTO CUSTOMER(C_Phone_Number,C_email_ID,C_Name,Wallet,rating,Trips_Trip_ID,Drivers_D_Phone_number,Drivers_D_Phone_number1,Car_number) VALUES(8409903719,"lactesce@gmail.com","remaking",634,0,67,6514564165,6514564165,"seraphin31162");
INSERT INTO CUSTOMER(C_Phone_Number,C_email_ID,C_Name,Wallet,rating,Trips_Trip_ID,Drivers_D_Phone_number,Drivers_D_Phone_number1,Car_number) VALUES(9554673709,"paranema@gmail.com","silvanus",4405,6,54,4232421526,4232421526,"hothearted24014");
INSERT INTO CUSTOMER(C_Phone_Number,C_email_ID,C_Name,Wallet,rating,Trips_Trip_ID,Drivers_D_Phone_number,Drivers_D_Phone_number1,Car_number) VALUES(9543081628,"streyne@gmail.com","primigenous",9554,0,51,5221014315,5221014315,"bonnetless31655");
INSERT INTO CUSTOMER(C_Phone_Number,C_email_ID,C_Name,Wallet,rating,Trips_Trip_ID,Drivers_D_Phone_number,Drivers_D_Phone_number1,Car_number) VALUES(858235919,"melampodium@gmail.com","transcension",1281,6,33,5050463603,5050463603,"corporativism44461");
INSERT INTO CUSTOMER(C_Phone_Number,C_email_ID,C_Name,Wallet,rating,Trips_Trip_ID,Drivers_D_Phone_number,Drivers_D_Phone_number1,Car_number) VALUES(5044626210,"tapiolite@gmail.com","foamers",623,3,39,3400505665,3400505665,"distichous61601");
INSERT INTO CUSTOMER(C_Phone_Number,C_email_ID,C_Name,Wallet,rating,Trips_Trip_ID,Drivers_D_Phone_number,Drivers_D_Phone_number1,Car_number) VALUES(6900183606,"preintone@gmail.com","commercialists",1021,4,48,1346161206,1346161206,"pericranium11613");
INSERT INTO CUSTOMER(C_Phone_Number,C_email_ID,C_Name,Wallet,rating,Trips_Trip_ID,Drivers_D_Phone_number,Drivers_D_Phone_number1,Car_number) VALUES(2585842422,"beshlik@gmail.com","unsubduedness",7650,5,44,6225460560,6225460560,"deresinate40202");
INSERT INTO CUSTOMER(C_Phone_Number,C_email_ID,C_Name,Wallet,rating,Trips_Trip_ID,Drivers_D_Phone_number,Drivers_D_Phone_number1,Car_number) VALUES(505079156,"finks@gmail.com","baccaceous",593,1,85,1134653431,1134653431,"nuclei32003");
INSERT INTO CUSTOMER(C_Phone_Number,C_email_ID,C_Name,Wallet,rating,Trips_Trip_ID,Drivers_D_Phone_number,Drivers_D_Phone_number1,Car_number) VALUES(4510399847,"subcavate@gmail.com","gutta",5270,0,57,1106431434,1106431434,"dominatingly10615");
INSERT INTO CUSTOMER(C_Phone_Number,C_email_ID,C_Name,Wallet,rating,Trips_Trip_ID,Drivers_D_Phone_number,Drivers_D_Phone_number1,Car_number) VALUES(9866700602,"stomachal@gmail.com","proscience",9007,3,78,4315420414,4315420414,"anticapitalists64446");
INSERT INTO CUSTOMER(C_Phone_Number,C_email_ID,C_Name,Wallet,rating,Trips_Trip_ID,Drivers_D_Phone_number,Drivers_D_Phone_number1,Car_number) VALUES(617485522,"parled@gmail.com","opiniativeness",8372,3,45,0213313261,0213313261,"unphilanthropically50044");
INSERT INTO CUSTOMER(C_Phone_Number,C_email_ID,C_Name,Wallet,rating,Trips_Trip_ID,Drivers_D_Phone_number,Drivers_D_Phone_number1,Car_number) VALUES(997304725,"delenda@gmail.com","tetryls",6124,0,83,4164035002,4164035002,"cerebrum10111");
INSERT INTO CUSTOMER(C_Phone_Number,C_email_ID,C_Name,Wallet,rating,Trips_Trip_ID,Drivers_D_Phone_number,Drivers_D_Phone_number1,Car_number) VALUES(4000662337,"pollock@gmail.com","narsinga",8500,5,3,2621522140,2621522140,"anticapitalists64446");
INSERT INTO CUSTOMER(C_Phone_Number,C_email_ID,C_Name,Wallet,rating,Trips_Trip_ID,Drivers_D_Phone_number,Drivers_D_Phone_number1,Car_number) VALUES(2404253382,"unshouting@gmail.com","conoidal",4220,1,63,4604332266,4604332266,"bigness16206");
INSERT INTO CUSTOMER(C_Phone_Number,C_email_ID,C_Name,Wallet,rating,Trips_Trip_ID,Drivers_D_Phone_number,Drivers_D_Phone_number1,Car_number) VALUES(6975458485,"scumbling@gmail.com","rageously",3206,1,93,5540240520,5540240520,"looing63103");
INSERT INTO CUSTOMER(C_Phone_Number,C_email_ID,C_Name,Wallet,rating,Trips_Trip_ID,Drivers_D_Phone_number,Drivers_D_Phone_number1,Car_number) VALUES(6853054085,"shadflies@gmail.com","groundlings",347,8,77,6410420465,6410420465,"redamaging53465");
INSERT INTO CUSTOMER(C_Phone_Number,C_email_ID,C_Name,Wallet,rating,Trips_Trip_ID,Drivers_D_Phone_number,Drivers_D_Phone_number1,Car_number) VALUES(3020410117,"bandle@gmail.com","dribblement",5424,6,77,4211552162,4211552162,"oohing61241");
INSERT INTO CUSTOMER(C_Phone_Number,C_email_ID,C_Name,Wallet,rating,Trips_Trip_ID,Drivers_D_Phone_number,Drivers_D_Phone_number1,Car_number) VALUES(3057504209,"workless@gmail.com","ribhus",5960,6,39,1060654404,1060654404,"uncompoundable31065");
INSERT INTO CUSTOMER(C_Phone_Number,C_email_ID,C_Name,Wallet,rating,Trips_Trip_ID,Drivers_D_Phone_number,Drivers_D_Phone_number1,Car_number) VALUES(7985700586,"lymphology@gmail.com","reflected",362,6,31,3425032033,3425032033,"hoke26033");
INSERT INTO CUSTOMER(C_Phone_Number,C_email_ID,C_Name,Wallet,rating,Trips_Trip_ID,Drivers_D_Phone_number,Drivers_D_Phone_number1,Car_number) VALUES(3993493056,"closehauled@gmail.com","urocystitis",2751,7,58,4634060131,4634060131,"wherrying42446");
INSERT INTO CUSTOMER(C_Phone_Number,C_email_ID,C_Name,Wallet,rating,Trips_Trip_ID,Drivers_D_Phone_number,Drivers_D_Phone_number1,Car_number) VALUES(2876326067,"wondercraft@gmail.com","mobilizer",3510,0,6,4656245104,4656245104,"enchasing13334");
INSERT INTO CUSTOMER(C_Phone_Number,C_email_ID,C_Name,Wallet,rating,Trips_Trip_ID,Drivers_D_Phone_number,Drivers_D_Phone_number1,Car_number) VALUES(75365079,"caravel@gmail.com","dase",7723,0,84,1256362413,1256362413,"subordain11555");
INSERT INTO CUSTOMER(C_Phone_Number,C_email_ID,C_Name,Wallet,rating,Trips_Trip_ID,Drivers_D_Phone_number,Drivers_D_Phone_number1,Car_number) VALUES(3527860027,"uroptysis@gmail.com","soricident",7625,2,59,2201224343,2201224343,"wlatsome60024");
INSERT INTO CUSTOMER(C_Phone_Number,C_email_ID,C_Name,Wallet,rating,Trips_Trip_ID,Drivers_D_Phone_number,Drivers_D_Phone_number1,Car_number) VALUES(3823743303,"neurohumor@gmail.com","maestro",8326,0,55,1032212146,1032212146,"latently65621");
INSERT INTO CUSTOMER(C_Phone_Number,C_email_ID,C_Name,Wallet,rating,Trips_Trip_ID,Drivers_D_Phone_number,Drivers_D_Phone_number1,Car_number) VALUES(8458096890,"rugs@gmail.com","flatteners",9484,3,74,4164035002,4164035002,"incases62640");
INSERT INTO CUSTOMER(C_Phone_Number,C_email_ID,C_Name,Wallet,rating,Trips_Trip_ID,Drivers_D_Phone_number,Drivers_D_Phone_number1,Car_number) VALUES(9419754922,"uncoarsely@gmail.com","sulphion",3832,6,26,4324145621,4324145621,"chalcogen42361");
INSERT INTO CUSTOMER(C_Phone_Number,C_email_ID,C_Name,Wallet,rating,Trips_Trip_ID,Drivers_D_Phone_number,Drivers_D_Phone_number1,Car_number) VALUES(401194899,"chorobates@gmail.com","confirmedly",1564,9,35,1134653431,1134653431,"soroses63461");
INSERT INTO CUSTOMER(C_Phone_Number,C_email_ID,C_Name,Wallet,rating,Trips_Trip_ID,Drivers_D_Phone_number,Drivers_D_Phone_number1,Car_number) VALUES(8309404462,"effectuating@gmail.com","headway",2465,0,4,0530301605,0530301605,"beneficiating00645");
INSERT INTO CUSTOMER(C_Phone_Number,C_email_ID,C_Name,Wallet,rating,Trips_Trip_ID,Drivers_D_Phone_number,Drivers_D_Phone_number1,Car_number) VALUES(8060193880,"stepstone@gmail.com","electrokinetics",862,0,16,3231024623,3231024623,"rhombuses16000");
INSERT INTO CUSTOMER(C_Phone_Number,C_email_ID,C_Name,Wallet,rating,Trips_Trip_ID,Drivers_D_Phone_number,Drivers_D_Phone_number1,Car_number) VALUES(4015897960,"tupara@gmail.com","chlorospinel",7082,2,98,4644610324,4644610324,"harmonistically42156");
INSERT INTO CUSTOMER(C_Phone_Number,C_email_ID,C_Name,Wallet,rating,Trips_Trip_ID,Drivers_D_Phone_number,Drivers_D_Phone_number1,Car_number) VALUES(9056000159,"detailism@gmail.com","louden",9022,5,26,4315420414,4315420414,"mistyped54113");
INSERT INTO CUSTOMER(C_Phone_Number,C_email_ID,C_Name,Wallet,rating,Trips_Trip_ID,Drivers_D_Phone_number,Drivers_D_Phone_number1,Car_number) VALUES(8283868001,"periosteoalveolar@gmail.com","delphian",9292,9,64,4232421526,4232421526,"pericranium11613");
INSERT INTO CUSTOMER(C_Phone_Number,C_email_ID,C_Name,Wallet,rating,Trips_Trip_ID,Drivers_D_Phone_number,Drivers_D_Phone_number1,Car_number) VALUES(1599657932,"unwiliness@gmail.com","gralline",331,8,95,2621305062,2621305062,"pericranium11613");
INSERT INTO CUSTOMER(C_Phone_Number,C_email_ID,C_Name,Wallet,rating,Trips_Trip_ID,Drivers_D_Phone_number,Drivers_D_Phone_number1,Car_number) VALUES(5522909474,"aenigmatite@gmail.com","crosiered",320,7,42,3451624344,3451624344,"gestation66154");
INSERT INTO CUSTOMER(C_Phone_Number,C_email_ID,C_Name,Wallet,rating,Trips_Trip_ID,Drivers_D_Phone_number,Drivers_D_Phone_number1,Car_number) VALUES(8100027232,"lithofractor@gmail.com","dipleural",669,7,5,6250064244,6250064244,"nonsimilar15643");
INSERT INTO CUSTOMER(C_Phone_Number,C_email_ID,C_Name,Wallet,rating,Trips_Trip_ID,Drivers_D_Phone_number,Drivers_D_Phone_number1,Car_number) VALUES(2273030413,"hemihypalgesia@gmail.com","imaged",3930,3,96,3220045665,3220045665,"emirship22216");
INSERT INTO CUSTOMER(C_Phone_Number,C_email_ID,C_Name,Wallet,rating,Trips_Trip_ID,Drivers_D_Phone_number,Drivers_D_Phone_number1,Car_number) VALUES(4200147000,"speedboatman@gmail.com","clarity",2381,1,25,4031306056,4031306056,"pointillistic10360");
INSERT INTO CUSTOMER(C_Phone_Number,C_email_ID,C_Name,Wallet,rating,Trips_Trip_ID,Drivers_D_Phone_number,Drivers_D_Phone_number1,Car_number) VALUES(3884791315,"speiled@gmail.com","jargonized",1171,0,32,0151244002,0151244002,"pulverised26641");
INSERT INTO CUSTOMER(C_Phone_Number,C_email_ID,C_Name,Wallet,rating,Trips_Trip_ID,Drivers_D_Phone_number,Drivers_D_Phone_number1,Car_number) VALUES(1249026222,"retired@gmail.com","preboding",7458,2,46,0663444334,0663444334,"redistillable42332");
INSERT INTO CUSTOMER(C_Phone_Number,C_email_ID,C_Name,Wallet,rating,Trips_Trip_ID,Drivers_D_Phone_number,Drivers_D_Phone_number1,Car_number) VALUES(1570214,"wirrasthru@gmail.com","allottery",5522,0,90,4604306523,4604306523,"camassia10413");
INSERT INTO CUSTOMER(C_Phone_Number,C_email_ID,C_Name,Wallet,rating,Trips_Trip_ID,Drivers_D_Phone_number,Drivers_D_Phone_number1,Car_number) VALUES(3120400664,"phoneidoscope@gmail.com","exudates",8923,3,53,1153150041,1153150041,"announcers53005");
INSERT INTO CUSTOMER(C_Phone_Number,C_email_ID,C_Name,Wallet,rating,Trips_Trip_ID,Drivers_D_Phone_number,Drivers_D_Phone_number1,Car_number) VALUES(1664275306,"podostemaceous@gmail.com","geta",1807,9,19,6653116330,6653116330,"wherein56534");
INSERT INTO CUSTOMER(C_Phone_Number,C_email_ID,C_Name,Wallet,rating,Trips_Trip_ID,Drivers_D_Phone_number,Drivers_D_Phone_number1,Car_number) VALUES(1936985920,"unpredictively@gmail.com","cledge",1081,3,14,0213313261,0213313261,"assedation12204");
INSERT INTO CUSTOMER(C_Phone_Number,C_email_ID,C_Name,Wallet,rating,Trips_Trip_ID,Drivers_D_Phone_number,Drivers_D_Phone_number1,Car_number) VALUES(9360372053,"panagia@gmail.com","mimicked",1910,1,70,4604332266,4604332266,"pericranium11613");
INSERT INTO CUSTOMER(C_Phone_Number,C_email_ID,C_Name,Wallet,rating,Trips_Trip_ID,Drivers_D_Phone_number,Drivers_D_Phone_number1,Car_number) VALUES(3301693670,"repeddled@gmail.com","alsatia",2081,5,12,2621305062,2621305062,"pleurotus34505");
INSERT INTO CUSTOMER(C_Phone_Number,C_email_ID,C_Name,Wallet,rating,Trips_Trip_ID,Drivers_D_Phone_number,Drivers_D_Phone_number1,Car_number) VALUES(3831144327,"didymium@gmail.com","cavalierness",4736,5,58,4045434425,4045434425,"overcivilizing05542");
INSERT INTO CUSTOMER(C_Phone_Number,C_email_ID,C_Name,Wallet,rating,Trips_Trip_ID,Drivers_D_Phone_number,Drivers_D_Phone_number1,Car_number) VALUES(8000011196,"circumambulate@gmail.com","pluriliteral",7366,7,11,0606532425,0606532425,"wherein56534");
INSERT INTO CUSTOMER(C_Phone_Number,C_email_ID,C_Name,Wallet,rating,Trips_Trip_ID,Drivers_D_Phone_number,Drivers_D_Phone_number1,Car_number) VALUES(4365929618,"energumen@gmail.com","tesserated",4978,5,7,5535560055,5535560055,"wherein56534");
INSERT INTO CUSTOMER(C_Phone_Number,C_email_ID,C_Name,Wallet,rating,Trips_Trip_ID,Drivers_D_Phone_number,Drivers_D_Phone_number1,Car_number) VALUES(5231390093,"sereins@gmail.com","rekill",7062,7,98,4634060131,4634060131,"hothearted24014");
INSERT INTO CUSTOMER(C_Phone_Number,C_email_ID,C_Name,Wallet,rating,Trips_Trip_ID,Drivers_D_Phone_number,Drivers_D_Phone_number1,Car_number) VALUES(2691826007,"optometric@gmail.com","audacious",1858,0,55,3644063413,3644063413,"scantier30010");
INSERT INTO CUSTOMER(C_Phone_Number,C_email_ID,C_Name,Wallet,rating,Trips_Trip_ID,Drivers_D_Phone_number,Drivers_D_Phone_number1,Car_number) VALUES(2557120129,"earable@gmail.com","resolvability",401,1,51,0554653451,0554653451,"exflect53034");
INSERT INTO CUSTOMER(C_Phone_Number,C_email_ID,C_Name,Wallet,rating,Trips_Trip_ID,Drivers_D_Phone_number,Drivers_D_Phone_number1,Car_number) VALUES(1400870451,"pentanes@gmail.com","subcutis",7260,2,8,0213313261,0213313261,"gridiron46655");
INSERT INTO CUSTOMER(C_Phone_Number,C_email_ID,C_Name,Wallet,rating,Trips_Trip_ID,Drivers_D_Phone_number,Drivers_D_Phone_number1,Car_number) VALUES(3696013613,"snuffliest@gmail.com","vinomethylic",730,7,54,5535560055,5535560055,"reballot03524");
INSERT INTO CUSTOMER(C_Phone_Number,C_email_ID,C_Name,Wallet,rating,Trips_Trip_ID,Drivers_D_Phone_number,Drivers_D_Phone_number1,Car_number) VALUES(9230282070,"cyclamens@gmail.com","acusection",8424,4,81,6064004244,6064004244,"anticapitalists64446");
INSERT INTO CUSTOMER(C_Phone_Number,C_email_ID,C_Name,Wallet,rating,Trips_Trip_ID,Drivers_D_Phone_number,Drivers_D_Phone_number1,Car_number) VALUES(8191453869,"officials@gmail.com","ginkgoales",7706,0,37,3204300516,3204300516,"oohing61241");
INSERT INTO CUSTOMER(C_Phone_Number,C_email_ID,C_Name,Wallet,rating,Trips_Trip_ID,Drivers_D_Phone_number,Drivers_D_Phone_number1,Car_number) VALUES(4653095107,"quaquaversal@gmail.com","instantiate",9151,2,37,5540240520,5540240520,"wlatsome60024");
INSERT INTO CUSTOMER(C_Phone_Number,C_email_ID,C_Name,Wallet,rating,Trips_Trip_ID,Drivers_D_Phone_number,Drivers_D_Phone_number1,Car_number) VALUES(2210738334,"apodosis@gmail.com","solvability",7433,0,41,6543153655,6543153655,"fusillades60440");
INSERT INTO CUSTOMER(C_Phone_Number,C_email_ID,C_Name,Wallet,rating,Trips_Trip_ID,Drivers_D_Phone_number,Drivers_D_Phone_number1,Car_number) VALUES(5436200096,"cadenced@gmail.com","teratologies",5740,6,90,1626426615,1626426615,"wherrying42446");
INSERT INTO CUSTOMER(C_Phone_Number,C_email_ID,C_Name,Wallet,rating,Trips_Trip_ID,Drivers_D_Phone_number,Drivers_D_Phone_number1,Car_number) VALUES(400100022,"jaundiceroot@gmail.com","interknotted",6200,0,36,1311550616,1311550616,"upharsin11304");
INSERT INTO CUSTOMER(C_Phone_Number,C_email_ID,C_Name,Wallet,rating,Trips_Trip_ID,Drivers_D_Phone_number,Drivers_D_Phone_number1,Car_number) VALUES(4762160440,"willying@gmail.com","wakens",9780,0,78,6552121440,6552121440,"bigness16206");
INSERT INTO CUSTOMER(C_Phone_Number,C_email_ID,C_Name,Wallet,rating,Trips_Trip_ID,Drivers_D_Phone_number,Drivers_D_Phone_number1,Car_number) VALUES(2088298108,"undrossy@gmail.com","unisolating",8620,2,22,4540244323,4540244323,"somatics66313");
INSERT INTO CUSTOMER(C_Phone_Number,C_email_ID,C_Name,Wallet,rating,Trips_Trip_ID,Drivers_D_Phone_number,Drivers_D_Phone_number1,Car_number) VALUES(86530768,"romanian@gmail.com","valvotomy",5088,8,88,4225565120,4225565120,"announcers53005");
INSERT INTO CUSTOMER(C_Phone_Number,C_email_ID,C_Name,Wallet,rating,Trips_Trip_ID,Drivers_D_Phone_number,Drivers_D_Phone_number1,Car_number) VALUES(3190242586,"epeira@gmail.com","leptomedusae",5930,6,70,3400505665,3400505665,"incarceration31535");
INSERT INTO CUSTOMER(C_Phone_Number,C_email_ID,C_Name,Wallet,rating,Trips_Trip_ID,Drivers_D_Phone_number,Drivers_D_Phone_number1,Car_number) VALUES(6602051096,"poculation@gmail.com","irreflection",9015,0,61,3204300516,3204300516,"ionospheric16465");
INSERT INTO CUSTOMER(C_Phone_Number,C_email_ID,C_Name,Wallet,rating,Trips_Trip_ID,Drivers_D_Phone_number,Drivers_D_Phone_number1,Car_number) VALUES(1667468046,"oughts@gmail.com","bipartible",2930,0,10,0213313261,0213313261,"seraphin31162");
INSERT INTO CUSTOMER(C_Phone_Number,C_email_ID,C_Name,Wallet,rating,Trips_Trip_ID,Drivers_D_Phone_number,Drivers_D_Phone_number1,Car_number) VALUES(4903291026,"blister@gmail.com","saveloy",539,5,100,2044461064,2044461064,"diselenide56252");
INSERT INTO CUSTOMER(C_Phone_Number,C_email_ID,C_Name,Wallet,rating,Trips_Trip_ID,Drivers_D_Phone_number,Drivers_D_Phone_number1,Car_number) VALUES(1232066684,"featherers@gmail.com","prohibitively",260,9,69,0663444334,0663444334,"gridiron46655");
INSERT INTO CUSTOMER(C_Phone_Number,C_email_ID,C_Name,Wallet,rating,Trips_Trip_ID,Drivers_D_Phone_number,Drivers_D_Phone_number1,Car_number) VALUES(6280950224,"overemphasizing@gmail.com","dissimulators",129,0,17,5221014315,5221014315,"nuclei32003");
INSERT INTO CUSTOMER(C_Phone_Number,C_email_ID,C_Name,Wallet,rating,Trips_Trip_ID,Drivers_D_Phone_number,Drivers_D_Phone_number1,Car_number) VALUES(1140082282,"shortheels@gmail.com","spinulated",6908,0,67,1106431434,1106431434,"diselenide56252");
INSERT INTO CUSTOMER(C_Phone_Number,C_email_ID,C_Name,Wallet,rating,Trips_Trip_ID,Drivers_D_Phone_number,Drivers_D_Phone_number1,Car_number) VALUES(6807897094,"studys@gmail.com","titubate",277,5,44,4232421526,4232421526,"pericranium11613");
INSERT INTO CUSTOMER(C_Phone_Number,C_email_ID,C_Name,Wallet,rating,Trips_Trip_ID,Drivers_D_Phone_number,Drivers_D_Phone_number1,Car_number) VALUES(1667111540,"prefeast@gmail.com","hartite",2920,2,84,0112600100,0112600100,"fungistatically53335");
INSERT INTO CUSTOMER(C_Phone_Number,C_email_ID,C_Name,Wallet,rating,Trips_Trip_ID,Drivers_D_Phone_number,Drivers_D_Phone_number1,Car_number) VALUES(6606798960,"dampish@gmail.com","poverish",4832,9,40,2401225326,2401225326,"septulum60114");
INSERT INTO CUSTOMER(C_Phone_Number,C_email_ID,C_Name,Wallet,rating,Trips_Trip_ID,Drivers_D_Phone_number,Drivers_D_Phone_number1,Car_number) VALUES(3050370310,"unmilked@gmail.com","overpenalized",3007,8,65,5164063611,5164063611,"emirship22216");
INSERT INTO CUSTOMER(C_Phone_Number,C_email_ID,C_Name,Wallet,rating,Trips_Trip_ID,Drivers_D_Phone_number,Drivers_D_Phone_number1,Car_number) VALUES(5443340500,"maturated@gmail.com","quintant",8963,3,86,6514564165,6514564165,"setness51351");
INSERT INTO CUSTOMER(C_Phone_Number,C_email_ID,C_Name,Wallet,rating,Trips_Trip_ID,Drivers_D_Phone_number,Drivers_D_Phone_number1,Car_number) VALUES(5522254461,"enclaved@gmail.com","millenarianism",795,0,19,0554653451,0554653451,"camassia10413");
INSERT INTO CUSTOMER(C_Phone_Number,C_email_ID,C_Name,Wallet,rating,Trips_Trip_ID,Drivers_D_Phone_number,Drivers_D_Phone_number1,Car_number) VALUES(6653180880,"premention@gmail.com","yoven",1337,5,83,6150435040,6150435040,"distichous61601");
INSERT INTO CUSTOMER(C_Phone_Number,C_email_ID,C_Name,Wallet,rating,Trips_Trip_ID,Drivers_D_Phone_number,Drivers_D_Phone_number1,Car_number) VALUES(4070341496,"davens@gmail.com","towboat",7901,0,87,3451624344,3451624344,"spheral05243");
INSERT INTO CUSTOMER(C_Phone_Number,C_email_ID,C_Name,Wallet,rating,Trips_Trip_ID,Drivers_D_Phone_number,Drivers_D_Phone_number1,Car_number) VALUES(4030890077,"crankiness@gmail.com","cougher",1856,6,45,6225460560,6225460560,"holishkes63631");
INSERT INTO CUSTOMER(C_Phone_Number,C_email_ID,C_Name,Wallet,rating,Trips_Trip_ID,Drivers_D_Phone_number,Drivers_D_Phone_number1,Car_number) VALUES(6092661064,"deadishly@gmail.com","bocce",3376,8,27,2141356432,2141356432,"abbotric33434");
INSERT INTO CUSTOMER(C_Phone_Number,C_email_ID,C_Name,Wallet,rating,Trips_Trip_ID,Drivers_D_Phone_number,Drivers_D_Phone_number1,Car_number) VALUES(239225107,"spirling@gmail.com","hooligan",1906,4,10,6130013016,6130013016,"harmonistically42156");
INSERT INTO CUSTOMER(C_Phone_Number,C_email_ID,C_Name,Wallet,rating,Trips_Trip_ID,Drivers_D_Phone_number,Drivers_D_Phone_number1,Car_number) VALUES(4618289802,"aerily@gmail.com","groping",2490,1,42,1256362413,1256362413,"exflect53034");
INSERT INTO CUSTOMER(C_Phone_Number,C_email_ID,C_Name,Wallet,rating,Trips_Trip_ID,Drivers_D_Phone_number,Drivers_D_Phone_number1,Car_number) VALUES(478309487,"flitter@gmail.com","merorganization",779,3,56,2110116400,2110116400,"distichous61601");
INSERT INTO CUSTOMER(C_Phone_Number,C_email_ID,C_Name,Wallet,rating,Trips_Trip_ID,Drivers_D_Phone_number,Drivers_D_Phone_number1,Car_number) VALUES(1000708014,"networked@gmail.com","oxycarbonate",1200,4,97,3644063413,3644063413,"bigness16206");
INSERT INTO CUSTOMER(C_Phone_Number,C_email_ID,C_Name,Wallet,rating,Trips_Trip_ID,Drivers_D_Phone_number,Drivers_D_Phone_number1,Car_number) VALUES(3176634070,"psammophile@gmail.com","freiezlebenhe",6407,6,12,2401225326,2401225326,"kickstands22010");
INSERT INTO CUSTOMER(C_Phone_Number,C_email_ID,C_Name,Wallet,rating,Trips_Trip_ID,Drivers_D_Phone_number,Drivers_D_Phone_number1,Car_number) VALUES(4050752415,"reposure@gmail.com","disliken",8096,7,61,2621305062,2621305062,"looing63103");
INSERT INTO CUSTOMER(C_Phone_Number,C_email_ID,C_Name,Wallet,rating,Trips_Trip_ID,Drivers_D_Phone_number,Drivers_D_Phone_number1,Car_number) VALUES(7100385292,"calamities@gmail.com","purlicues",966,6,70,2553665332,2553665332,"cerebrum10111");
INSERT INTO CUSTOMER(C_Phone_Number,C_email_ID,C_Name,Wallet,rating,Trips_Trip_ID,Drivers_D_Phone_number,Drivers_D_Phone_number1,Car_number) VALUES(5700652508,"washwomen@gmail.com","badger",6788,7,18,6150435040,6150435040,"hothearted24014");
INSERT INTO CUSTOMER(C_Phone_Number,C_email_ID,C_Name,Wallet,rating,Trips_Trip_ID,Drivers_D_Phone_number,Drivers_D_Phone_number1,Car_number) VALUES(7003320532,"williwaws@gmail.com","puckfist",200,0,60,4604306523,4604306523,"redistillable42332");
INSERT INTO CUSTOMER(C_Phone_Number,C_email_ID,C_Name,Wallet,rating,Trips_Trip_ID,Drivers_D_Phone_number,Drivers_D_Phone_number1,Car_number) VALUES(1024771920,"pathetist@gmail.com","overdiligence",6697,0,28,4011302216,4011302216,"spheral05243");
INSERT INTO CUSTOMER(C_Phone_Number,C_email_ID,C_Name,Wallet,rating,Trips_Trip_ID,Drivers_D_Phone_number,Drivers_D_Phone_number1,Car_number) VALUES(5138291525,"nonexpeditiousness@gmail.com","benzopyrazolone",7968,6,11,3301512152,3301512152,"dominatingly10615");
INSERT INTO CUSTOMER(C_Phone_Number,C_email_ID,C_Name,Wallet,rating,Trips_Trip_ID,Drivers_D_Phone_number,Drivers_D_Phone_number1,Car_number) VALUES(723383326,"sapbush@gmail.com","antineutron",8210,3,7,0213313261,0213313261,"nonsimilar15643");
INSERT INTO CUSTOMER(C_Phone_Number,C_email_ID,C_Name,Wallet,rating,Trips_Trip_ID,Drivers_D_Phone_number,Drivers_D_Phone_number1,Car_number) VALUES(9108198013,"unneighbourliness@gmail.com","deafmuteness",853,2,86,5535215223,5535215223,"hoke26033");
INSERT INTO CUSTOMER(C_Phone_Number,C_email_ID,C_Name,Wallet,rating,Trips_Trip_ID,Drivers_D_Phone_number,Drivers_D_Phone_number1,Car_number) VALUES(3420931866,"knitback@gmail.com","cakewalks",6949,7,51,3220045665,3220045665,"hothearted24014");
INSERT INTO CUSTOMER(C_Phone_Number,C_email_ID,C_Name,Wallet,rating,Trips_Trip_ID,Drivers_D_Phone_number,Drivers_D_Phone_number1,Car_number) VALUES(9004330151,"thermoperiodic@gmail.com","emendicate",663,4,24,3400505665,3400505665,"hajjes61206");
INSERT INTO CUSTOMER(C_Phone_Number,C_email_ID,C_Name,Wallet,rating,Trips_Trip_ID,Drivers_D_Phone_number,Drivers_D_Phone_number1,Car_number) VALUES(5482346581,"maltsters@gmail.com","chlorophoenicite",2045,4,33,2450245544,2450245544,"holishkes63631");
INSERT INTO CUSTOMER(C_Phone_Number,C_email_ID,C_Name,Wallet,rating,Trips_Trip_ID,Drivers_D_Phone_number,Drivers_D_Phone_number1,Car_number) VALUES(8437704085,"overemotionalizing@gmail.com","entozoan",7007,6,98,1503524205,1503524205,"postforms15523");
INSERT INTO CUSTOMER(C_Phone_Number,C_email_ID,C_Name,Wallet,rating,Trips_Trip_ID,Drivers_D_Phone_number,Drivers_D_Phone_number1,Car_number) VALUES(1380368713,"schisandra@gmail.com","endovaccination",6620,6,40,1503524205,1503524205,"psychomotility25453");
INSERT INTO CUSTOMER(C_Phone_Number,C_email_ID,C_Name,Wallet,rating,Trips_Trip_ID,Drivers_D_Phone_number,Drivers_D_Phone_number1,Car_number) VALUES(798920219,"decapitation@gmail.com","galactophthysis",8157,3,70,2500050355,2500050355,"mistyped54113");
INSERT INTO CUSTOMER(C_Phone_Number,C_email_ID,C_Name,Wallet,rating,Trips_Trip_ID,Drivers_D_Phone_number,Drivers_D_Phone_number1,Car_number) VALUES(7924000566,"duplification@gmail.com","carcased",1227,9,40,4225565120,4225565120,"monad30236");
INSERT INTO CUSTOMER(C_Phone_Number,C_email_ID,C_Name,Wallet,rating,Trips_Trip_ID,Drivers_D_Phone_number,Drivers_D_Phone_number1,Car_number) VALUES(8565060121,"welders@gmail.com","socker",3607,0,83,1503524205,1503524205,"wlatsome60024");
INSERT INTO CUSTOMER(C_Phone_Number,C_email_ID,C_Name,Wallet,rating,Trips_Trip_ID,Drivers_D_Phone_number,Drivers_D_Phone_number1,Car_number) VALUES(1074040368,"preinvocation@gmail.com","folkways",7351,2,76,5535215223,5535215223,"fungistatically53335");
INSERT INTO CUSTOMER(C_Phone_Number,C_email_ID,C_Name,Wallet,rating,Trips_Trip_ID,Drivers_D_Phone_number,Drivers_D_Phone_number1,Car_number) VALUES(305103615,"landlubberish@gmail.com","whisterpoop",1297,5,98,0151244002,0151244002,"treenail02553");
INSERT INTO CUSTOMER(C_Phone_Number,C_email_ID,C_Name,Wallet,rating,Trips_Trip_ID,Drivers_D_Phone_number,Drivers_D_Phone_number1,Car_number) VALUES(8700553480,"subterfuge@gmail.com","haziest",4808,6,75,2226502350,2226502350,"hothearted24014");
INSERT INTO CUSTOMER(C_Phone_Number,C_email_ID,C_Name,Wallet,rating,Trips_Trip_ID,Drivers_D_Phone_number,Drivers_D_Phone_number1,Car_number) VALUES(2290020615,"belligerents@gmail.com","plasmin",1449,8,23,1626426615,1626426615,"causations54026");
INSERT INTO CUSTOMER(C_Phone_Number,C_email_ID,C_Name,Wallet,rating,Trips_Trip_ID,Drivers_D_Phone_number,Drivers_D_Phone_number1,Car_number) VALUES(5328581936,"rheumic@gmail.com","residers",2006,0,91,1256362413,1256362413,"somatics66313");
INSERT INTO CUSTOMER(C_Phone_Number,C_email_ID,C_Name,Wallet,rating,Trips_Trip_ID,Drivers_D_Phone_number,Drivers_D_Phone_number1,Car_number) VALUES(4809099930,"ctelette@gmail.com","genyoplasty",3489,9,2,0530301605,0530301605,"overcivilizing05542");
INSERT INTO CUSTOMER(C_Phone_Number,C_email_ID,C_Name,Wallet,rating,Trips_Trip_ID,Drivers_D_Phone_number,Drivers_D_Phone_number1,Car_number) VALUES(1509531627,"psammophile@gmail.com","laumonite",1288,4,20,3516053521,3516053521,"postforms15523");
INSERT INTO CUSTOMER(C_Phone_Number,C_email_ID,C_Name,Wallet,rating,Trips_Trip_ID,Drivers_D_Phone_number,Drivers_D_Phone_number1,Car_number) VALUES(4162170548,"nontenantable@gmail.com","bekissed",9596,6,81,2450245544,2450245544,"emirship22216");
INSERT INTO CUSTOMER(C_Phone_Number,C_email_ID,C_Name,Wallet,rating,Trips_Trip_ID,Drivers_D_Phone_number,Drivers_D_Phone_number1,Car_number) VALUES(9163862293,"cheechako@gmail.com","capernoited",5736,7,54,3045166410,3045166410,"nondifferentiation42220");
INSERT INTO CUSTOMER(C_Phone_Number,C_email_ID,C_Name,Wallet,rating,Trips_Trip_ID,Drivers_D_Phone_number,Drivers_D_Phone_number1,Car_number) VALUES(5254215694,"virusemic@gmail.com","nonemulous",7273,9,17,1323455621,1323455621,"harmonistically42156");
INSERT INTO CUSTOMER(C_Phone_Number,C_email_ID,C_Name,Wallet,rating,Trips_Trip_ID,Drivers_D_Phone_number,Drivers_D_Phone_number1,Car_number) VALUES(9609533621,"lampron@gmail.com","selfsaid",6070,6,4,6232052526,6232052526,"bonnetless31655");
INSERT INTO CUSTOMER(C_Phone_Number,C_email_ID,C_Name,Wallet,rating,Trips_Trip_ID,Drivers_D_Phone_number,Drivers_D_Phone_number1,Car_number) VALUES(5296106369,"autopsychoanalysis@gmail.com","rumpade",7007,5,82,6543153655,6543153655,"palgat44241");
INSERT INTO CUSTOMER(C_Phone_Number,C_email_ID,C_Name,Wallet,rating,Trips_Trip_ID,Drivers_D_Phone_number,Drivers_D_Phone_number1,Car_number) VALUES(897020456,"undiscreetness@gmail.com","ontic",6065,3,76,5164063611,5164063611,"aristocraticism03622");
INSERT INTO CUSTOMER(C_Phone_Number,C_email_ID,C_Name,Wallet,rating,Trips_Trip_ID,Drivers_D_Phone_number,Drivers_D_Phone_number1,Car_number) VALUES(2666095996,"subscriptively@gmail.com","toxically",5241,6,3,2500050355,2500050355,"chalcogen42361");
INSERT INTO CUSTOMER(C_Phone_Number,C_email_ID,C_Name,Wallet,rating,Trips_Trip_ID,Drivers_D_Phone_number,Drivers_D_Phone_number1,Car_number) VALUES(7664606982,"specimens@gmail.com","lifesaving",4804,9,18,3204300516,3204300516,"spheral05243");
INSERT INTO CUSTOMER(C_Phone_Number,C_email_ID,C_Name,Wallet,rating,Trips_Trip_ID,Drivers_D_Phone_number,Drivers_D_Phone_number1,Car_number) VALUES(430700993,"lowlihood@gmail.com","unhandily",4194,1,72,6064004244,6064004244,"preeruptively25052");
INSERT INTO CUSTOMER(C_Phone_Number,C_email_ID,C_Name,Wallet,rating,Trips_Trip_ID,Drivers_D_Phone_number,Drivers_D_Phone_number1,Car_number) VALUES(8269470588,"ruttily@gmail.com","checkerberries",289,9,100,4540244323,4540244323,"corporativism44461");
INSERT INTO CUSTOMER(C_Phone_Number,C_email_ID,C_Name,Wallet,rating,Trips_Trip_ID,Drivers_D_Phone_number,Drivers_D_Phone_number1,Car_number) VALUES(9152599104,"suborner@gmail.com","reifier",7104,7,46,3254025101,3254025101,"feere04251");
INSERT INTO CUSTOMER(C_Phone_Number,C_email_ID,C_Name,Wallet,rating,Trips_Trip_ID,Drivers_D_Phone_number,Drivers_D_Phone_number1,Car_number) VALUES(634089005,"bingey@gmail.com","undecreasingly",8369,0,46,4604332266,4604332266,"pleurotus34505");
INSERT INTO CUSTOMER(C_Phone_Number,C_email_ID,C_Name,Wallet,rating,Trips_Trip_ID,Drivers_D_Phone_number,Drivers_D_Phone_number1,Car_number) VALUES(5746035243,"antimodernization@gmail.com","saxicoline",5146,4,55,1153150041,1153150041,"circumvention06351");
INSERT INTO CUSTOMER(C_Phone_Number,C_email_ID,C_Name,Wallet,rating,Trips_Trip_ID,Drivers_D_Phone_number,Drivers_D_Phone_number1,Car_number) VALUES(4914300729,"triodion@gmail.com","symmetries",8809,5,86,0132304453,0132304453,"pericranium11613");
INSERT INTO CUSTOMER(C_Phone_Number,C_email_ID,C_Name,Wallet,rating,Trips_Trip_ID,Drivers_D_Phone_number,Drivers_D_Phone_number1,Car_number) VALUES(8274781335,"gestapo@gmail.com","unclerically",2886,7,26,2621522140,2621522140,"unfastenable34430");
INSERT INTO CUSTOMER(C_Phone_Number,C_email_ID,C_Name,Wallet,rating,Trips_Trip_ID,Drivers_D_Phone_number,Drivers_D_Phone_number1,Car_number) VALUES(3486404035,"cultch@gmail.com","aleurometer",6130,1,53,6250064244,6250064244,"descending33201");
INSERT INTO CUSTOMER(C_Phone_Number,C_email_ID,C_Name,Wallet,rating,Trips_Trip_ID,Drivers_D_Phone_number,Drivers_D_Phone_number1,Car_number) VALUES(5604388713,"vallated@gmail.com","loafers",2153,5,35,4540516462,4540516462,"chalcogen42361");
INSERT INTO CUSTOMER(C_Phone_Number,C_email_ID,C_Name,Wallet,rating,Trips_Trip_ID,Drivers_D_Phone_number,Drivers_D_Phone_number1,Car_number) VALUES(1998805860,"gunk@gmail.com","releasee",4817,6,34,3644063413,3644063413,"bonnetless31655");
INSERT INTO CUSTOMER(C_Phone_Number,C_email_ID,C_Name,Wallet,rating,Trips_Trip_ID,Drivers_D_Phone_number,Drivers_D_Phone_number1,Car_number) VALUES(6810322068,"biome@gmail.com","semicope",1176,0,70,1311550616,1311550616,"looing63103");
INSERT INTO CUSTOMER(C_Phone_Number,C_email_ID,C_Name,Wallet,rating,Trips_Trip_ID,Drivers_D_Phone_number,Drivers_D_Phone_number1,Car_number) VALUES(695944421,"use@gmail.com","clericality",1140,0,7,1153150041,1153150041,"ionospheric16465");
INSERT INTO CUSTOMER(C_Phone_Number,C_email_ID,C_Name,Wallet,rating,Trips_Trip_ID,Drivers_D_Phone_number,Drivers_D_Phone_number1,Car_number) VALUES(5915363,"enhalos@gmail.com","greyness",5600,5,64,1323455621,1323455621,"unintent63036");
INSERT INTO CUSTOMER(C_Phone_Number,C_email_ID,C_Name,Wallet,rating,Trips_Trip_ID,Drivers_D_Phone_number,Drivers_D_Phone_number1,Car_number) VALUES(3085631036,"trisomy@gmail.com","clubfoot",9308,6,74,4540516462,4540516462,"abbotric33434");
INSERT INTO CUSTOMER(C_Phone_Number,C_email_ID,C_Name,Wallet,rating,Trips_Trip_ID,Drivers_D_Phone_number,Drivers_D_Phone_number1,Car_number) VALUES(6804045624,"calamine@gmail.com","biopsychologist",9506,1,48,2141356432,2141356432,"ionospheric16465");
INSERT INTO CUSTOMER(C_Phone_Number,C_email_ID,C_Name,Wallet,rating,Trips_Trip_ID,Drivers_D_Phone_number,Drivers_D_Phone_number1,Car_number) VALUES(8149585811,"breadberry@gmail.com","gametogony",9141,5,39,0051366554,0051366554,"extrusion53626");
INSERT INTO CUSTOMER(C_Phone_Number,C_email_ID,C_Name,Wallet,rating,Trips_Trip_ID,Drivers_D_Phone_number,Drivers_D_Phone_number1,Car_number) VALUES(774345730,"radiosensitivities@gmail.com","roaded",782,0,2,0112600100,0112600100,"nuclei32003");
INSERT INTO CUSTOMER(C_Phone_Number,C_email_ID,C_Name,Wallet,rating,Trips_Trip_ID,Drivers_D_Phone_number,Drivers_D_Phone_number1,Car_number) VALUES(5804771009,"lassu@gmail.com","inappropriable",4575,3,27,3231024623,3231024623,"furl02451");
INSERT INTO CUSTOMER(C_Phone_Number,C_email_ID,C_Name,Wallet,rating,Trips_Trip_ID,Drivers_D_Phone_number,Drivers_D_Phone_number1,Car_number) VALUES(1549079123,"ptotic@gmail.com","visagraph",925,4,69,5540240520,5540240520,"hajjes61206");
INSERT INTO CUSTOMER(C_Phone_Number,C_email_ID,C_Name,Wallet,rating,Trips_Trip_ID,Drivers_D_Phone_number,Drivers_D_Phone_number1,Car_number) VALUES(75416148,"conjure@gmail.com","neurologies",590,2,70,4011302216,4011302216,"announcers53005");
INSERT INTO CUSTOMER(C_Phone_Number,C_email_ID,C_Name,Wallet,rating,Trips_Trip_ID,Drivers_D_Phone_number,Drivers_D_Phone_number1,Car_number) VALUES(2147083690,"mating@gmail.com","sovrans",6353,1,72,3220045665,3220045665,"holishkes63631");
INSERT INTO CUSTOMER(C_Phone_Number,C_email_ID,C_Name,Wallet,rating,Trips_Trip_ID,Drivers_D_Phone_number,Drivers_D_Phone_number1,Car_number) VALUES(7689716383,"inflooding@gmail.com","circumnavigating",7295,3,32,4604332266,4604332266,"causations54026");
INSERT INTO CUSTOMER(C_Phone_Number,C_email_ID,C_Name,Wallet,rating,Trips_Trip_ID,Drivers_D_Phone_number,Drivers_D_Phone_number1,Car_number) VALUES(1157804142,"equalizing@gmail.com","biarticulate",1755,8,41,5050463603,5050463603,"unfastenable34430");
INSERT INTO CUSTOMER(C_Phone_Number,C_email_ID,C_Name,Wallet,rating,Trips_Trip_ID,Drivers_D_Phone_number,Drivers_D_Phone_number1,Car_number) VALUES(8343175903,"nor@gmail.com","lithotyped",4906,4,46,2553665332,2553665332,"monad30236");
INSERT INTO CUSTOMER(C_Phone_Number,C_email_ID,C_Name,Wallet,rating,Trips_Trip_ID,Drivers_D_Phone_number,Drivers_D_Phone_number1,Car_number) VALUES(5943705526,"lucentio@gmail.com","unconstructed",6600,2,75,4540516462,4540516462,"monad30236");
INSERT INTO CUSTOMER(C_Phone_Number,C_email_ID,C_Name,Wallet,rating,Trips_Trip_ID,Drivers_D_Phone_number,Drivers_D_Phone_number1,Car_number) VALUES(1910599030,"pipers@gmail.com","underexposing",3468,3,55,6232052526,6232052526,"kickstands22010");
INSERT INTO CUSTOMER(C_Phone_Number,C_email_ID,C_Name,Wallet,rating,Trips_Trip_ID,Drivers_D_Phone_number,Drivers_D_Phone_number1,Car_number) VALUES(5892534803,"xenacanthine@gmail.com","interlapse",1,7,89,2450245544,2450245544,"fungistatically53335");
INSERT INTO CUSTOMER(C_Phone_Number,C_email_ID,C_Name,Wallet,rating,Trips_Trip_ID,Drivers_D_Phone_number,Drivers_D_Phone_number1,Car_number) VALUES(3663260159,"clonos@gmail.com","gymnostomata",3764,6,13,4232421526,4232421526,"pleurotus34505");
INSERT INTO CUSTOMER(C_Phone_Number,C_email_ID,C_Name,Wallet,rating,Trips_Trip_ID,Drivers_D_Phone_number,Drivers_D_Phone_number1,Car_number) VALUES(1799547244,"glamorous@gmail.com","toastiness",3944,0,76,3220045665,3220045665,"overcivilizing05542");
INSERT INTO CUSTOMER(C_Phone_Number,C_email_ID,C_Name,Wallet,rating,Trips_Trip_ID,Drivers_D_Phone_number,Drivers_D_Phone_number1,Car_number) VALUES(6070432516,"ictuses@gmail.com","sings",5127,5,48,3451624344,3451624344,"platitudinously62360");
INSERT INTO CUSTOMER(C_Phone_Number,C_email_ID,C_Name,Wallet,rating,Trips_Trip_ID,Drivers_D_Phone_number,Drivers_D_Phone_number1,Car_number) VALUES(6196853301,"crawm@gmail.com","designatory",3983,9,91,0361133150,0361133150,"monad30236");
INSERT INTO CUSTOMER(C_Phone_Number,C_email_ID,C_Name,Wallet,rating,Trips_Trip_ID,Drivers_D_Phone_number,Drivers_D_Phone_number1,Car_number) VALUES(7066535529,"progovernment@gmail.com","hinderful",8304,8,57,0132304453,0132304453,"fusillades60440");
INSERT INTO CUSTOMER(C_Phone_Number,C_email_ID,C_Name,Wallet,rating,Trips_Trip_ID,Drivers_D_Phone_number,Drivers_D_Phone_number1,Car_number) VALUES(338104381,"people@gmail.com","shittims",9980,9,97,1060654404,1060654404,"circumvention06351");
INSERT INTO CUSTOMER(C_Phone_Number,C_email_ID,C_Name,Wallet,rating,Trips_Trip_ID,Drivers_D_Phone_number,Drivers_D_Phone_number1,Car_number) VALUES(3232689830,"thiophene@gmail.com","idoist",8063,8,100,5554023552,5554023552,"treenail02553");
INSERT INTO CUSTOMER(C_Phone_Number,C_email_ID,C_Name,Wallet,rating,Trips_Trip_ID,Drivers_D_Phone_number,Drivers_D_Phone_number1,Car_number) VALUES(4408010773,"subcommissaries@gmail.com","plugtree",6248,7,58,1153150041,1153150041,"furl02451");
INSERT INTO CUSTOMER(C_Phone_Number,C_email_ID,C_Name,Wallet,rating,Trips_Trip_ID,Drivers_D_Phone_number,Drivers_D_Phone_number1,Car_number) VALUES(7236006721,"homestretches@gmail.com","randem",5207,6,84,0663444334,0663444334,"corporativism44461");
INSERT INTO CUSTOMER(C_Phone_Number,C_email_ID,C_Name,Wallet,rating,Trips_Trip_ID,Drivers_D_Phone_number,Drivers_D_Phone_number1,Car_number) VALUES(9720443178,"antiangular@gmail.com","unbandage",2961,1,55,2621305062,2621305062,"fungistatically53335");
INSERT INTO CUSTOMER(C_Phone_Number,C_email_ID,C_Name,Wallet,rating,Trips_Trip_ID,Drivers_D_Phone_number,Drivers_D_Phone_number1,Car_number) VALUES(9006090966,"multilobed@gmail.com","upflicker",1632,2,3,2621522140,2621522140,"suttapitaka21226");
INSERT INTO CUSTOMER(C_Phone_Number,C_email_ID,C_Name,Wallet,rating,Trips_Trip_ID,Drivers_D_Phone_number,Drivers_D_Phone_number1,Car_number) VALUES(58192188,"circuitman@gmail.com","relaxins",4075,0,96,3301512152,3301512152,"exflect53034");
INSERT INTO CUSTOMER(C_Phone_Number,C_email_ID,C_Name,Wallet,rating,Trips_Trip_ID,Drivers_D_Phone_number,Drivers_D_Phone_number1,Car_number) VALUES(501404909,"unportuous@gmail.com","clamorer",5048,0,51,6250064244,6250064244,"redistillable42332");
INSERT INTO CUSTOMER(C_Phone_Number,C_email_ID,C_Name,Wallet,rating,Trips_Trip_ID,Drivers_D_Phone_number,Drivers_D_Phone_number1,Car_number) VALUES(1563399302,"vinyl@gmail.com","intraimperial",783,5,43,0112600100,0112600100,"platitudinously62360");
INSERT INTO CUSTOMER(C_Phone_Number,C_email_ID,C_Name,Wallet,rating,Trips_Trip_ID,Drivers_D_Phone_number,Drivers_D_Phone_number1,Car_number) VALUES(5061643490,"leadiest@gmail.com","prefermentation",5332,7,7,1541432010,1541432010,"scourweed14264");
INSERT INTO CUSTOMER(C_Phone_Number,C_email_ID,C_Name,Wallet,rating,Trips_Trip_ID,Drivers_D_Phone_number,Drivers_D_Phone_number1,Car_number) VALUES(4788421417,"absolutory@gmail.com","glauke",6250,8,99,3644063413,3644063413,"overcivilizing05542");
INSERT INTO CUSTOMER(C_Phone_Number,C_email_ID,C_Name,Wallet,rating,Trips_Trip_ID,Drivers_D_Phone_number,Drivers_D_Phone_number1,Car_number) VALUES(6247438849,"nookies@gmail.com","plantula",1508,8,7,6225460560,6225460560,"corporativism44461");
INSERT INTO CUSTOMER(C_Phone_Number,C_email_ID,C_Name,Wallet,rating,Trips_Trip_ID,Drivers_D_Phone_number,Drivers_D_Phone_number1,Car_number) VALUES(3039042100,"epiopticon@gmail.com","requires",7204,3,15,1153150041,1153150041,"deresinate40202");
INSERT INTO CUSTOMER(C_Phone_Number,C_email_ID,C_Name,Wallet,rating,Trips_Trip_ID,Drivers_D_Phone_number,Drivers_D_Phone_number1,Car_number) VALUES(1445108870,"setup@gmail.com","unpostponed",4235,8,89,3124412062,3124412062,"soroses63461");
INSERT INTO CUSTOMER(C_Phone_Number,C_email_ID,C_Name,Wallet,rating,Trips_Trip_ID,Drivers_D_Phone_number,Drivers_D_Phone_number1,Car_number) VALUES(453383542,"pall@gmail.com","acast",7426,6,7,4045434425,4045434425,"causations54026");
INSERT INTO CUSTOMER(C_Phone_Number,C_email_ID,C_Name,Wallet,rating,Trips_Trip_ID,Drivers_D_Phone_number,Drivers_D_Phone_number1,Car_number) VALUES(104834004,"reattendance@gmail.com","uncavilling",3093,1,20,4644610324,4644610324,"cerebrum10111");
INSERT INTO CUSTOMER(C_Phone_Number,C_email_ID,C_Name,Wallet,rating,Trips_Trip_ID,Drivers_D_Phone_number,Drivers_D_Phone_number1,Car_number) VALUES(5320590308,"delegalized@gmail.com","deskmen",2019,6,86,0112600100,0112600100,"refacing64666");
INSERT INTO CUSTOMER(C_Phone_Number,C_email_ID,C_Name,Wallet,rating,Trips_Trip_ID,Drivers_D_Phone_number,Drivers_D_Phone_number1,Car_number) VALUES(4060041054,"nonvertebrate@gmail.com","genos",3385,0,36,2110116400,2110116400,"redamaging53465");
INSERT INTO CUSTOMER(C_Phone_Number,C_email_ID,C_Name,Wallet,rating,Trips_Trip_ID,Drivers_D_Phone_number,Drivers_D_Phone_number1,Car_number) VALUES(343920025,"deadwoods@gmail.com","unpersonalising",866,1,13,2450245544,2450245544,"anticapitalists64446");
INSERT INTO CUSTOMER(C_Phone_Number,C_email_ID,C_Name,Wallet,rating,Trips_Trip_ID,Drivers_D_Phone_number,Drivers_D_Phone_number1,Car_number) VALUES(7212667217,"toxidermic@gmail.com","transcendent",1159,0,36,5540240520,5540240520,"ionospheric16465");
INSERT INTO CUSTOMER(C_Phone_Number,C_email_ID,C_Name,Wallet,rating,Trips_Trip_ID,Drivers_D_Phone_number,Drivers_D_Phone_number1,Car_number) VALUES(681657298,"nycteris@gmail.com","violaceae",797,0,40,3400505665,3400505665,"bonnetless31655");
INSERT INTO CUSTOMER(C_Phone_Number,C_email_ID,C_Name,Wallet,rating,Trips_Trip_ID,Drivers_D_Phone_number,Drivers_D_Phone_number1,Car_number) VALUES(1348020121,"buss@gmail.com","spirochetes",402,5,14,6624041420,6624041420,"unphilanthropically50044");
INSERT INTO CUSTOMER(C_Phone_Number,C_email_ID,C_Name,Wallet,rating,Trips_Trip_ID,Drivers_D_Phone_number,Drivers_D_Phone_number1,Car_number) VALUES(42695773,"subsextuple@gmail.com","auricularian",2475,2,46,4042440661,4042440661,"wherrying42446");
INSERT INTO CUSTOMER(C_Phone_Number,C_email_ID,C_Name,Wallet,rating,Trips_Trip_ID,Drivers_D_Phone_number,Drivers_D_Phone_number1,Car_number) VALUES(2247036951,"freeish@gmail.com","sourwoods",1350,9,9,0361133150,0361133150,"grandrelle40626");
INSERT INTO CUSTOMER(C_Phone_Number,C_email_ID,C_Name,Wallet,rating,Trips_Trip_ID,Drivers_D_Phone_number,Drivers_D_Phone_number1,Car_number) VALUES(6358949269,"goniodoridae@gmail.com","topsmelts",8911,0,34,2044461064,2044461064,"postforms15523");
INSERT INTO CUSTOMER(C_Phone_Number,C_email_ID,C_Name,Wallet,rating,Trips_Trip_ID,Drivers_D_Phone_number,Drivers_D_Phone_number1,Car_number) VALUES(7262195516,"fructoses@gmail.com","mitigate",3075,1,15,2621522140,2621522140,"petromyzon33221");
INSERT INTO CUSTOMER(C_Phone_Number,C_email_ID,C_Name,Wallet,rating,Trips_Trip_ID,Drivers_D_Phone_number,Drivers_D_Phone_number1,Car_number) VALUES(8996611700,"hydnum@gmail.com","megalopygidae",2024,0,19,1541432010,1541432010,"suttapitaka21226");
INSERT INTO CUSTOMER(C_Phone_Number,C_email_ID,C_Name,Wallet,rating,Trips_Trip_ID,Drivers_D_Phone_number,Drivers_D_Phone_number1,Car_number) VALUES(4798255328,"proportioned@gmail.com","logopaedics",5067,7,44,6225460560,6225460560,"santonica35660");
INSERT INTO CUSTOMER(C_Phone_Number,C_email_ID,C_Name,Wallet,rating,Trips_Trip_ID,Drivers_D_Phone_number,Drivers_D_Phone_number1,Car_number) VALUES(330051544,"uncinal@gmail.com","heelmaker",555,0,85,4011302216,4011302216,"overcivilizing05542");
INSERT INTO CUSTOMER(C_Phone_Number,C_email_ID,C_Name,Wallet,rating,Trips_Trip_ID,Drivers_D_Phone_number,Drivers_D_Phone_number1,Car_number) VALUES(9091009512,"tentaculocyst@gmail.com","adamitical",386,9,48,1541432010,1541432010,"redistillable42332");
INSERT INTO CUSTOMER(C_Phone_Number,C_email_ID,C_Name,Wallet,rating,Trips_Trip_ID,Drivers_D_Phone_number,Drivers_D_Phone_number1,Car_number) VALUES(9045630347,"phosphorogene@gmail.com","fustianish",4695,6,80,3240046665,3240046665,"extrusion53626");
INSERT INTO CUSTOMER(C_Phone_Number,C_email_ID,C_Name,Wallet,rating,Trips_Trip_ID,Drivers_D_Phone_number,Drivers_D_Phone_number1,Car_number) VALUES(2549437156,"overcoyly@gmail.com","mirinesses",4328,6,29,5535560055,5535560055,"pleurotus34505");
INSERT INTO CUSTOMER(C_Phone_Number,C_email_ID,C_Name,Wallet,rating,Trips_Trip_ID,Drivers_D_Phone_number,Drivers_D_Phone_number1,Car_number) VALUES(2853742190,"ochlomania@gmail.com","drubbed",7579,3,98,1256362413,1256362413,"camassia10413");
INSERT INTO CUSTOMER(C_Phone_Number,C_email_ID,C_Name,Wallet,rating,Trips_Trip_ID,Drivers_D_Phone_number,Drivers_D_Phone_number1,Car_number) VALUES(5019228091,"agile@gmail.com","gimberjawed",954,0,70,3254025101,3254025101,"pointillistic10360");
INSERT INTO CUSTOMER(C_Phone_Number,C_email_ID,C_Name,Wallet,rating,Trips_Trip_ID,Drivers_D_Phone_number,Drivers_D_Phone_number1,Car_number) VALUES(4801270604,"petalody@gmail.com","teleoceras",2927,5,46,4232421526,4232421526,"suttapitaka21226");
INSERT INTO CUSTOMER(C_Phone_Number,C_email_ID,C_Name,Wallet,rating,Trips_Trip_ID,Drivers_D_Phone_number,Drivers_D_Phone_number1,Car_number) VALUES(5330662720,"radiologic@gmail.com","sheers",2671,9,28,4634060131,4634060131,"reballot03524");
INSERT INTO CUSTOMER(C_Phone_Number,C_email_ID,C_Name,Wallet,rating,Trips_Trip_ID,Drivers_D_Phone_number,Drivers_D_Phone_number1,Car_number) VALUES(7006464517,"collectivizing@gmail.com","hilted",9215,3,99,2201224343,2201224343,"reballot03524");
INSERT INTO CUSTOMER(C_Phone_Number,C_email_ID,C_Name,Wallet,rating,Trips_Trip_ID,Drivers_D_Phone_number,Drivers_D_Phone_number1,Car_number) VALUES(1963902900,"oraria@gmail.com","hastatolanceolate",3812,4,1,2110116400,2110116400,"incarceration31535");
INSERT INTO CUSTOMER(C_Phone_Number,C_email_ID,C_Name,Wallet,rating,Trips_Trip_ID,Drivers_D_Phone_number,Drivers_D_Phone_number1,Car_number) VALUES(6733001233,"grogginess@gmail.com","nonnaturalness",7300,5,8,1164513006,1164513006,"subordain11555");
INSERT INTO CUSTOMER(C_Phone_Number,C_email_ID,C_Name,Wallet,rating,Trips_Trip_ID,Drivers_D_Phone_number,Drivers_D_Phone_number1,Car_number) VALUES(4030673842,"morphous@gmail.com","tylosteresis",1328,6,39,1503524205,1503524205,"postforms15523");
INSERT INTO CUSTOMER(C_Phone_Number,C_email_ID,C_Name,Wallet,rating,Trips_Trip_ID,Drivers_D_Phone_number,Drivers_D_Phone_number1,Car_number) VALUES(1041208079,"isodynamia@gmail.com","subjected",2750,0,6,2401225326,2401225326,"palgat44241");
INSERT INTO CUSTOMER(C_Phone_Number,C_email_ID,C_Name,Wallet,rating,Trips_Trip_ID,Drivers_D_Phone_number,Drivers_D_Phone_number1,Car_number) VALUES(254406758,"chirivita@gmail.com","selenicereus",6617,1,97,6552121440,6552121440,"scantier30010");
INSERT INTO CUSTOMER(C_Phone_Number,C_email_ID,C_Name,Wallet,rating,Trips_Trip_ID,Drivers_D_Phone_number,Drivers_D_Phone_number1,Car_number) VALUES(8641436405,"bajarigar@gmail.com","testaments",1600,0,41,0600224243,0600224243,"somatics66313");
INSERT INTO CUSTOMER(C_Phone_Number,C_email_ID,C_Name,Wallet,rating,Trips_Trip_ID,Drivers_D_Phone_number,Drivers_D_Phone_number1,Car_number) VALUES(3915186784,"viseman@gmail.com","nucleohyaloplasma",3040,1,87,3644063413,3644063413,"kickstands22010");
INSERT INTO CUSTOMER(C_Phone_Number,C_email_ID,C_Name,Wallet,rating,Trips_Trip_ID,Drivers_D_Phone_number,Drivers_D_Phone_number1,Car_number) VALUES(536887300,"calculatedness@gmail.com","blushingly",3507,5,64,1410541151,1410541151,"cerebrum10111");
INSERT INTO CUSTOMER(C_Phone_Number,C_email_ID,C_Name,Wallet,rating,Trips_Trip_ID,Drivers_D_Phone_number,Drivers_D_Phone_number1,Car_number) VALUES(302937183,"tritium@gmail.com","enfeature",6059,5,82,4540516462,4540516462,"objected62463");
INSERT INTO CUSTOMER(C_Phone_Number,C_email_ID,C_Name,Wallet,rating,Trips_Trip_ID,Drivers_D_Phone_number,Drivers_D_Phone_number1,Car_number) VALUES(835501231,"counterrevolution@gmail.com","exogamic",3707,6,23,6150435040,6150435040,"uncolonial46252");
INSERT INTO CUSTOMER(C_Phone_Number,C_email_ID,C_Name,Wallet,rating,Trips_Trip_ID,Drivers_D_Phone_number,Drivers_D_Phone_number1,Car_number) VALUES(2687008960,"whishes@gmail.com","reaccession",155,0,14,3644063413,3644063413,"assedation12204");
INSERT INTO CUSTOMER(C_Phone_Number,C_email_ID,C_Name,Wallet,rating,Trips_Trip_ID,Drivers_D_Phone_number,Drivers_D_Phone_number1,Car_number) VALUES(61493082,"nationalizing@gmail.com","boycottism",1254,0,97,0554653451,0554653451,"suttapitaka21226");
INSERT INTO CUSTOMER(C_Phone_Number,C_email_ID,C_Name,Wallet,rating,Trips_Trip_ID,Drivers_D_Phone_number,Drivers_D_Phone_number1,Car_number) VALUES(4921899029,"pretentative@gmail.com","anisospore",6574,2,74,3644063413,3644063413,"monad30236");
INSERT INTO CUSTOMER(C_Phone_Number,C_email_ID,C_Name,Wallet,rating,Trips_Trip_ID,Drivers_D_Phone_number,Drivers_D_Phone_number1,Car_number) VALUES(8626107293,"citification@gmail.com","tidings",7133,3,3,6064004244,6064004244,"abbotric33434");
INSERT INTO LOCATIONS(Address,Name,Frequency,Last_Trip,Customer_C_Phone_Number,Customer_C_email_ID) VALUES("deviatorycoldongrefuting24015","jokey",3,'5464-13-03 2:5:3',3085631036,"trisomy@gmail.com");
INSERT INTO LOCATIONS(Address,Name,Frequency,Last_Trip,Customer_C_Phone_Number,Customer_C_email_ID) VALUES("proportionatehiringsunsacrilegiously55016","ostracodous",6,'2343-24-14 4:13:3',7100385292,"calamities@gmail.com");
INSERT INTO LOCATIONS(Address,Name,Frequency,Last_Trip,Customer_C_Phone_Number,Customer_C_email_ID) VALUES("siloxanesrhopaliumunrecollected42311","geomys",8,'1625-03-43 3:10:12',9006090966,"multilobed@gmail.com");
INSERT INTO LOCATIONS(Address,Name,Frequency,Last_Trip,Customer_C_Phone_Number,Customer_C_email_ID) VALUES("coinmakingmalduckforthink43625","sugarcoated",5,'1356-45-65 1:9:1',466721023,"dissimilarity@gmail.com");
INSERT INTO LOCATIONS(Address,Name,Frequency,Last_Trip,Customer_C_Phone_Number,Customer_C_email_ID) VALUES("spectrophotographdecoloursoybeans45221","homodromal",4,'6644-44-11 3:6:5',7985700586,"lymphology@gmail.com");
INSERT INTO LOCATIONS(Address,Name,Frequency,Last_Trip,Customer_C_Phone_Number,Customer_C_email_ID) VALUES("testoonbroughproveditore31121","dopers",9,'1652-54-40 5:3:12',7212667217,"toxidermic@gmail.com");
INSERT INTO LOCATIONS(Address,Name,Frequency,Last_Trip,Customer_C_Phone_Number,Customer_C_email_ID) VALUES("ferrashduddiediogenean00006","unarticulative",9,'6531-53-24 12:10:8',3993493056,"closehauled@gmail.com");
INSERT INTO LOCATIONS(Address,Name,Frequency,Last_Trip,Customer_C_Phone_Number,Customer_C_email_ID) VALUES("intrasusceptionfirkinstentillum06033","regraft",0,'5533-36-44 2:13:7',75365079,"caravel@gmail.com");
INSERT INTO LOCATIONS(Address,Name,Frequency,Last_Trip,Customer_C_Phone_Number,Customer_C_email_ID) VALUES("electropathologygrandmaternalbarbedness26646","chlordans",1,'1210-15-51 1:4:11',3915186784,"viseman@gmail.com");
INSERT INTO LOCATIONS(Address,Name,Frequency,Last_Trip,Customer_C_Phone_Number,Customer_C_email_ID) VALUES("azolitminendothermyoverfile05465","hallucinator",7,'3556-25-36 11:1:10',5138291525,"nonexpeditiousness@gmail.com");
INSERT INTO LOCATIONS(Address,Name,Frequency,Last_Trip,Customer_C_Phone_Number,Customer_C_email_ID) VALUES("niteredwhipmansyllabically40426","cosmogonies",9,'6444-44-11 10:12:7',9091009512,"tentaculocyst@gmail.com");
INSERT INTO LOCATIONS(Address,Name,Frequency,Last_Trip,Customer_C_Phone_Number,Customer_C_email_ID) VALUES("untimorousscrauchleportunid03506","demountability",8,'6644-55-12 9:12:3',2360312401,"reexhibition@gmail.com");
INSERT INTO LOCATIONS(Address,Name,Frequency,Last_Trip,Customer_C_Phone_Number,Customer_C_email_ID) VALUES("favositeassuetudealphabetology14425","counterattractively",8,'6501-40-21 3:11:13',5087190099,"caponata@gmail.com");
INSERT INTO LOCATIONS(Address,Name,Frequency,Last_Trip,Customer_C_Phone_Number,Customer_C_email_ID) VALUES("superdistributionmatlowoxaldehyde65362","pigswill",2,'4144-60-26 8:9:6',3663260159,"clonos@gmail.com");
INSERT INTO LOCATIONS(Address,Name,Frequency,Last_Trip,Customer_C_Phone_Number,Customer_C_email_ID) VALUES("parurescheveronpsalter05536","zincum",7,'6312-12-56 5:6:12',936911886,"uncommunicative@gmail.com");
INSERT INTO LOCATIONS(Address,Name,Frequency,Last_Trip,Customer_C_Phone_Number,Customer_C_email_ID) VALUES("pentathlosderuinatewarblet54252","bracioles",6,'0251-65-34 7:1:7',2489753138,"nonbending@gmail.com");
INSERT INTO LOCATIONS(Address,Name,Frequency,Last_Trip,Customer_C_Phone_Number,Customer_C_email_ID) VALUES("inconsultableexcitivedolorimetry53065","logria",8,'1222-40-61 4:1:11',338104381,"people@gmail.com");
INSERT INTO LOCATIONS(Address,Name,Frequency,Last_Trip,Customer_C_Phone_Number,Customer_C_email_ID) VALUES("nationalstalkiestfusilladed65405","pyrotartaric",1,'4031-32-06 12:7:1',400100022,"jaundiceroot@gmail.com");
INSERT INTO LOCATIONS(Address,Name,Frequency,Last_Trip,Customer_C_Phone_Number,Customer_C_email_ID) VALUES("tadeserpentizeupcheer43023","pancratical",4,'4465-30-63 9:10:13',4060041054,"nonvertebrate@gmail.com");
INSERT INTO LOCATIONS(Address,Name,Frequency,Last_Trip,Customer_C_Phone_Number,Customer_C_email_ID) VALUES("superoposteriorbonusesphiltra54615","lege",6,'6411-03-40 12:4:4',5443340500,"maturated@gmail.com");
INSERT INTO LOCATIONS(Address,Name,Frequency,Last_Trip,Customer_C_Phone_Number,Customer_C_email_ID) VALUES("unentailedpsigbirne03515","herodiones",6,'6205-16-24 7:2:2',9866700602,"stomachal@gmail.com");
INSERT INTO LOCATIONS(Address,Name,Frequency,Last_Trip,Customer_C_Phone_Number,Customer_C_email_ID) VALUES("pillorizationsaughsbratstva43141","vertebral",5,'4451-56-62 5:2:8',9552615886,"ultrahigh@gmail.com");
INSERT INTO LOCATIONS(Address,Name,Frequency,Last_Trip,Customer_C_Phone_Number,Customer_C_email_ID) VALUES("unsanctificationdiasporanougats43050","procedures",4,'4164-36-11 5:9:12',8474904602,"battleplane@gmail.com");
INSERT INTO LOCATIONS(Address,Name,Frequency,Last_Trip,Customer_C_Phone_Number,Customer_C_email_ID) VALUES("perambulationoutyieldsmutilous11300","durometer",7,'3124-12-23 3:2:2',2585620542,"dani@gmail.com");
INSERT INTO LOCATIONS(Address,Name,Frequency,Last_Trip,Customer_C_Phone_Number,Customer_C_email_ID) VALUES("tavestocktiringlysubaqua63314","ombrophoby",3,'5355-26-36 3:1:3',6704470532,"rebranches@gmail.com");
INSERT INTO LOCATIONS(Address,Name,Frequency,Last_Trip,Customer_C_Phone_Number,Customer_C_email_ID) VALUES("dummkopfssubsisterneologising36061","inflections",7,'6504-04-36 13:1:2',4903291026,"blister@gmail.com");
INSERT INTO LOCATIONS(Address,Name,Frequency,Last_Trip,Customer_C_Phone_Number,Customer_C_email_ID) VALUES("plangsemiobjectivedistoclusion32025","overspend",1,'4000-45-42 11:7:6',440172129,"pippinface@gmail.com");
INSERT INTO LOCATIONS(Address,Name,Frequency,Last_Trip,Customer_C_Phone_Number,Customer_C_email_ID) VALUES("crushingbrawlerneck25634","sordamente",7,'5232-06-55 10:9:6',2404253382,"unshouting@gmail.com");
INSERT INTO LOCATIONS(Address,Name,Frequency,Last_Trip,Customer_C_Phone_Number,Customer_C_email_ID) VALUES("nonmineralogicallyurbaneralloeotic16425","asaphid",0,'5250-22-65 8:10:8',5443340500,"maturated@gmail.com");
INSERT INTO LOCATIONS(Address,Name,Frequency,Last_Trip,Customer_C_Phone_Number,Customer_C_email_ID) VALUES("lardingsoakinglyscammel13524","sonneratiaceous",5,'2316-11-05 5:5:8',634089005,"bingey@gmail.com");
INSERT INTO LOCATIONS(Address,Name,Frequency,Last_Trip,Customer_C_Phone_Number,Customer_C_email_ID) VALUES("winninglyomasitisxdiv31263","hydromedusae",4,'6354-21-64 7:1:4',3831144327,"didymium@gmail.com");
INSERT INTO LOCATIONS(Address,Name,Frequency,Last_Trip,Customer_C_Phone_Number,Customer_C_email_ID) VALUES("remembererchappinovertariff65334","mistakion",7,'6055-25-04 2:5:3',7006464517,"collectivizing@gmail.com");
INSERT INTO LOCATIONS(Address,Name,Frequency,Last_Trip,Customer_C_Phone_Number,Customer_C_email_ID) VALUES("undiscoverablydebutstaslet12323","maculing",0,'5054-23-62 4:1:4',3527860027,"uroptysis@gmail.com");
INSERT INTO LOCATIONS(Address,Name,Frequency,Last_Trip,Customer_C_Phone_Number,Customer_C_email_ID) VALUES("lexicongalumptioustoffs52426","baneful",3,'3143-24-53 8:7:6',510000846,"swastikas@gmail.com");
INSERT INTO LOCATIONS(Address,Name,Frequency,Last_Trip,Customer_C_Phone_Number,Customer_C_email_ID) VALUES("etymologicalexploitatoryobsequium61361","undergirding",5,'2335-44-43 13:9:5',510000846,"swastikas@gmail.com");
INSERT INTO LOCATIONS(Address,Name,Frequency,Last_Trip,Customer_C_Phone_Number,Customer_C_email_ID) VALUES("wanywinterkilledunshore31332","twofers",4,'6620-41-40 5:9:3',2510544529,"preilluminate@gmail.com");
INSERT INTO LOCATIONS(Address,Name,Frequency,Last_Trip,Customer_C_Phone_Number,Customer_C_email_ID) VALUES("anadipsichurstorganogenesis00502","ensconces",1,'6041-22-16 2:13:11',5915363,"enhalos@gmail.com");
INSERT INTO LOCATIONS(Address,Name,Frequency,Last_Trip,Customer_C_Phone_Number,Customer_C_email_ID) VALUES("resonationfluorotypeneurectomy43634","schultenite",1,'1660-43-44 4:9:12',1041208079,"isodynamia@gmail.com");
INSERT INTO LOCATIONS(Address,Name,Frequency,Last_Trip,Customer_C_Phone_Number,Customer_C_email_ID) VALUES("rerobeparnassismyamato14246","disprover",1,'2154-44-33 12:11:12',5306797653,"overchrome@gmail.com");
INSERT INTO LOCATIONS(Address,Name,Frequency,Last_Trip,Customer_C_Phone_Number,Customer_C_email_ID) VALUES("staurolatrieshyperimmunedevelopes33001","reimbush",5,'2631-13-65 6:13:1',8409903719,"lactesce@gmail.com");
INSERT INTO LOCATIONS(Address,Name,Frequency,Last_Trip,Customer_C_Phone_Number,Customer_C_email_ID) VALUES("mastectomysumneranamnestic15153","chelydroid",2,'3154-15-04 7:7:3',5604388713,"vallated@gmail.com");
INSERT INTO LOCATIONS(Address,Name,Frequency,Last_Trip,Customer_C_Phone_Number,Customer_C_email_ID) VALUES("strongertranscendfirebreak15624","criminous",0,'2566-40-65 7:13:7',86530768,"romanian@gmail.com");
INSERT INTO LOCATIONS(Address,Name,Frequency,Last_Trip,Customer_C_Phone_Number,Customer_C_email_ID) VALUES("tridominiumpneumotherapydecretory11513","undamageable",2,'4240-35-00 7:12:8',7003320532,"williwaws@gmail.com");
INSERT INTO LOCATIONS(Address,Name,Frequency,Last_Trip,Customer_C_Phone_Number,Customer_C_email_ID) VALUES("knackierpalificationnonfeverously01135","trainline",9,'0126-40-61 8:8:1',4510399847,"subcavate@gmail.com");
INSERT INTO LOCATIONS(Address,Name,Frequency,Last_Trip,Customer_C_Phone_Number,Customer_C_email_ID) VALUES("centralismnortheringpseudoataxia30440","inaxon",0,'0435-35-03 1:9:5',1000708014,"networked@gmail.com");
INSERT INTO LOCATIONS(Address,Name,Frequency,Last_Trip,Customer_C_Phone_Number,Customer_C_email_ID) VALUES("attainorresentfulnessdoctrinable45143","colombo",5,'4632-65-20 11:2:7',2502941,"unopposedness@gmail.com");
INSERT INTO LOCATIONS(Address,Name,Frequency,Last_Trip,Customer_C_Phone_Number,Customer_C_email_ID) VALUES("submorphousbaaliticaldemocritean14061","semishirker",0,'1542-36-66 7:10:13',4809099930,"ctelette@gmail.com");
INSERT INTO LOCATIONS(Address,Name,Frequency,Last_Trip,Customer_C_Phone_Number,Customer_C_email_ID) VALUES("hodaddyimperialsblanketeer04312","herodii",0,'2635-66-55 8:1:6',806502064,"nitons@gmail.com");
INSERT INTO LOCATIONS(Address,Name,Frequency,Last_Trip,Customer_C_Phone_Number,Customer_C_email_ID) VALUES("intraduodenalhomotopyantagonisation66425","cleaners",5,'4015-13-43 11:11:13',3486404035,"cultch@gmail.com");
INSERT INTO LOCATIONS(Address,Name,Frequency,Last_Trip,Customer_C_Phone_Number,Customer_C_email_ID) VALUES("perkdelfsexordial34360","levogyrous",0,'4662-20-04 7:1:3',7236006721,"homestretches@gmail.com");
INSERT INTO LOCATIONS(Address,Name,Frequency,Last_Trip,Customer_C_Phone_Number,Customer_C_email_ID) VALUES("opthalmologicdecarbonizerhemlines40121","unlinking",9,'3041-03-35 12:6:7',634089005,"bingey@gmail.com");
INSERT INTO LOCATIONS(Address,Name,Frequency,Last_Trip,Customer_C_Phone_Number,Customer_C_email_ID) VALUES("introspectingtrollimogguvacine02460","nonlitigated",8,'5161-30-11 1:1:10',4200147000,"speedboatman@gmail.com");
INSERT INTO LOCATIONS(Address,Name,Frequency,Last_Trip,Customer_C_Phone_Number,Customer_C_email_ID) VALUES("embattlesiphonophorouspolycellular13014","oxydasic",7,'5316-51-53 8:7:4',4050752415,"reposure@gmail.com");
INSERT INTO LOCATIONS(Address,Name,Frequency,Last_Trip,Customer_C_Phone_Number,Customer_C_email_ID) VALUES("martinetismhaunterulex60650","antimedievalist",7,'3356-44-63 4:4:10',8431770062,"kouros@gmail.com");
INSERT INTO LOCATIONS(Address,Name,Frequency,Last_Trip,Customer_C_Phone_Number,Customer_C_email_ID) VALUES("advantagedantodontalgicsnowland00646","sciuropterus",6,'0145-36-41 7:12:13',2411798733,"harebell@gmail.com");
INSERT INTO LOCATIONS(Address,Name,Frequency,Last_Trip,Customer_C_Phone_Number,Customer_C_email_ID) VALUES("cylinderlikephacidiaceaelath53050","teleut",2,'1553-35-41 6:4:10',4172728550,"ruritanian@gmail.com");
INSERT INTO LOCATIONS(Address,Name,Frequency,Last_Trip,Customer_C_Phone_Number,Customer_C_email_ID) VALUES("ascosporiccytostomalterranes44022","forumize",6,'0066-22-35 13:1:3',1667468046,"oughts@gmail.com");
INSERT INTO LOCATIONS(Address,Name,Frequency,Last_Trip,Customer_C_Phone_Number,Customer_C_email_ID) VALUES("haciendadowormhoodcircumlitio30141","vagabondager",4,'3513-31-34 8:8:8',7003320532,"williwaws@gmail.com");
INSERT INTO LOCATIONS(Address,Name,Frequency,Last_Trip,Customer_C_Phone_Number,Customer_C_email_ID) VALUES("asteriscusesmispartsdeflecting61546","journeys",0,'3034-35-01 13:12:10',5915363,"enhalos@gmail.com");
INSERT INTO LOCATIONS(Address,Name,Frequency,Last_Trip,Customer_C_Phone_Number,Customer_C_email_ID) VALUES("loosishaddisoniangenro01636","bde",8,'1435-05-45 5:11:12',8191453869,"officials@gmail.com");
INSERT INTO LOCATIONS(Address,Name,Frequency,Last_Trip,Customer_C_Phone_Number,Customer_C_email_ID) VALUES("overpenalizeunrippledhogmenays06502","thiocyanogen",9,'3343-15-26 11:1:7',611600896,"micraco@gmail.com");
INSERT INTO LOCATIONS(Address,Name,Frequency,Last_Trip,Customer_C_Phone_Number,Customer_C_email_ID) VALUES("astianodiumspapilionoidea12262","salineness",9,'3635-13-51 11:5:7',6804045624,"calamine@gmail.com");
INSERT INTO LOCATIONS(Address,Name,Frequency,Last_Trip,Customer_C_Phone_Number,Customer_C_email_ID) VALUES("crammingpolyodontoidriotry01406","epistemolog",5,'6250-65-15 3:3:12',3000168519,"bandura@gmail.com");
INSERT INTO LOCATIONS(Address,Name,Frequency,Last_Trip,Customer_C_Phone_Number,Customer_C_email_ID) VALUES("cetenenonoppressionhemangiomas51240","flamier",4,'5363-46-46 5:4:12',2691826007,"optometric@gmail.com");
INSERT INTO LOCATIONS(Address,Name,Frequency,Last_Trip,Customer_C_Phone_Number,Customer_C_email_ID) VALUES("pretencesaureliaunderrent53330","choired",0,'1065-40-16 11:2:12',636980613,"celts@gmail.com");
INSERT INTO LOCATIONS(Address,Name,Frequency,Last_Trip,Customer_C_Phone_Number,Customer_C_email_ID) VALUES("botryosesororityharquebusier56313","corambis",1,'2100-50-52 11:7:2',3884791315,"speiled@gmail.com");
INSERT INTO LOCATIONS(Address,Name,Frequency,Last_Trip,Customer_C_Phone_Number,Customer_C_email_ID) VALUES("wragglechorioallantoiscubages05261","exterraneous",1,'5510-35-05 8:1:12',5044626210,"tapiolite@gmail.com");
INSERT INTO LOCATIONS(Address,Name,Frequency,Last_Trip,Customer_C_Phone_Number,Customer_C_email_ID) VALUES("teariestcobdenitejigsawed02155","unlimitless",0,'4446-04-61 1:7:6',4663132935,"denotationally@gmail.com");
INSERT INTO LOCATIONS(Address,Name,Frequency,Last_Trip,Customer_C_Phone_Number,Customer_C_email_ID) VALUES("sharecroppingchokeboreredheadedness03310","forbearances",8,'5404-53-31 2:11:2',305887750,"cancelment@gmail.com");
INSERT INTO LOCATIONS(Address,Name,Frequency,Last_Trip,Customer_C_Phone_Number,Customer_C_email_ID) VALUES("trashiestprovisionallyserines05023","frontoorbital",3,'6242-31-35 5:10:11',817844196,"copelate@gmail.com");
INSERT INTO LOCATIONS(Address,Name,Frequency,Last_Trip,Customer_C_Phone_Number,Customer_C_email_ID) VALUES("felicitousnesshydrazonebiuniqueness46411","ornithorhynchidae",1,'6611-30-41 6:6:2',4801270604,"petalody@gmail.com");
INSERT INTO LOCATIONS(Address,Name,Frequency,Last_Trip,Customer_C_Phone_Number,Customer_C_email_ID) VALUES("foxfiresrasedunhooted56320","raggy",7,'3531-24-32 12:7:12',3993493056,"closehauled@gmail.com");
INSERT INTO LOCATIONS(Address,Name,Frequency,Last_Trip,Customer_C_Phone_Number,Customer_C_email_ID) VALUES("attrysavorlesstrap61540","inestimable",2,'4060-64-36 4:3:6',2687008960,"whishes@gmail.com");
INSERT INTO LOCATIONS(Address,Name,Frequency,Last_Trip,Customer_C_Phone_Number,Customer_C_email_ID) VALUES("scrapesdisconfirmedmalum04321","unstacking",8,'1661-60-55 2:5:8',5328581936,"rheumic@gmail.com");
INSERT INTO LOCATIONS(Address,Name,Frequency,Last_Trip,Customer_C_Phone_Number,Customer_C_email_ID) VALUES("angelsruckedvaccinable05051","vilifiers",6,'5346-32-13 8:7:6',3373208552,"glassite@gmail.com");
INSERT INTO LOCATIONS(Address,Name,Frequency,Last_Trip,Customer_C_Phone_Number,Customer_C_email_ID) VALUES("vasculogenesisbarmiepoliticos41252","likens",7,'4556-13-61 12:10:6',5915363,"enhalos@gmail.com");
INSERT INTO LOCATIONS(Address,Name,Frequency,Last_Trip,Customer_C_Phone_Number,Customer_C_email_ID) VALUES("unrefulgentlylanasoleaginousness60031","hypophyge",7,'2645-42-02 1:1:4',2894529987,"ileostomies@gmail.com");
INSERT INTO LOCATIONS(Address,Name,Frequency,Last_Trip,Customer_C_Phone_Number,Customer_C_email_ID) VALUES("rigouristictanadarmisplacement64250","procivic",3,'4501-46-10 3:12:1',4801270604,"petalody@gmail.com");
INSERT INTO LOCATIONS(Address,Name,Frequency,Last_Trip,Customer_C_Phone_Number,Customer_C_email_ID) VALUES("epiphanisedtalebearersnubbier61456","frenzy",1,'5462-15-35 5:9:9',681657298,"nycteris@gmail.com");
INSERT INTO LOCATIONS(Address,Name,Frequency,Last_Trip,Customer_C_Phone_Number,Customer_C_email_ID) VALUES("disambiguatehydrologicmetin13536","spoot",5,'1056-42-13 5:11:6',4060041054,"nonvertebrate@gmail.com");
INSERT INTO LOCATIONS(Address,Name,Frequency,Last_Trip,Customer_C_Phone_Number,Customer_C_email_ID) VALUES("unendeavoredcalciferousvirtuously20114","deified",1,'4333-60-32 7:9:1',1570214,"wirrasthru@gmail.com");
INSERT INTO LOCATIONS(Address,Name,Frequency,Last_Trip,Customer_C_Phone_Number,Customer_C_email_ID) VALUES("profremedicinaldebridement40136","caramoussal",6,'0452-31-05 6:8:10',1667111540,"prefeast@gmail.com");
INSERT INTO LOCATIONS(Address,Name,Frequency,Last_Trip,Customer_C_Phone_Number,Customer_C_email_ID) VALUES("anticonstitutionallysalivatoryeinstein03200","pentastomum",0,'0052-01-35 7:10:6',7664606982,"specimens@gmail.com");
INSERT INTO LOCATIONS(Address,Name,Frequency,Last_Trip,Customer_C_Phone_Number,Customer_C_email_ID) VALUES("notoryctescaesarshipshawny21320","jemadars",9,'5016-51-64 5:9:7',453383542,"pall@gmail.com");
INSERT INTO LOCATIONS(Address,Name,Frequency,Last_Trip,Customer_C_Phone_Number,Customer_C_email_ID) VALUES("zebraicsquawkprofited24610","proprietorially",4,'6566-03-20 11:5:9',4100515220,"conventual@gmail.com");
INSERT INTO LOCATIONS(Address,Name,Frequency,Last_Trip,Customer_C_Phone_Number,Customer_C_email_ID) VALUES("intransigentismchronographicmisenter24062","anticity",7,'5631-42-05 5:7:13',3486404035,"cultch@gmail.com");
INSERT INTO LOCATIONS(Address,Name,Frequency,Last_Trip,Customer_C_Phone_Number,Customer_C_email_ID) VALUES("ceremonializeextralitysinicize03340","centriffed",7,'0006-06-31 2:2:1',86530768,"romanian@gmail.com");
INSERT INTO LOCATIONS(Address,Name,Frequency,Last_Trip,Customer_C_Phone_Number,Customer_C_email_ID) VALUES("buggingintermarryingabidances54003","bitulithic",4,'1305-11-50 4:6:1',53697718,"nonequals@gmail.com");
INSERT INTO LOCATIONS(Address,Name,Frequency,Last_Trip,Customer_C_Phone_Number,Customer_C_email_ID) VALUES("skedgetheorylesseleme24333","flicks",0,'3561-20-31 3:3:6',3582088,"startfulness@gmail.com");
INSERT INTO LOCATIONS(Address,Name,Frequency,Last_Trip,Customer_C_Phone_Number,Customer_C_email_ID) VALUES("dysphoniasiccateextg15315","cephen",2,'1402-15-54 1:5:9',7800510278,"spurries@gmail.com");
INSERT INTO LOCATIONS(Address,Name,Frequency,Last_Trip,Customer_C_Phone_Number,Customer_C_email_ID) VALUES("indenturesailanthuseswildest50350","sapremias",6,'6052-16-43 5:11:10',611600896,"micraco@gmail.com");
INSERT INTO LOCATIONS(Address,Name,Frequency,Last_Trip,Customer_C_Phone_Number,Customer_C_email_ID) VALUES("cilicismsemifossilizedarchaically45210","emong",3,'5162-45-02 13:10:3',4100515220,"conventual@gmail.com");
INSERT INTO LOCATIONS(Address,Name,Frequency,Last_Trip,Customer_C_Phone_Number,Customer_C_email_ID) VALUES("freemasonsstunspyran04614","repapers",6,'3630-31-32 8:9:8',8918724340,"demythologizes@gmail.com");
INSERT INTO LOCATIONS(Address,Name,Frequency,Last_Trip,Customer_C_Phone_Number,Customer_C_email_ID) VALUES("outtiringcounterpointednondominant24211","toxic",2,'0056-41-63 12:10:6',8715320987,"cystidia@gmail.com");
INSERT INTO LOCATIONS(Address,Name,Frequency,Last_Trip,Customer_C_Phone_Number,Customer_C_email_ID) VALUES("monoxyleslenderizeheptapetalous44124","linhay",8,'6115-05-33 1:4:9',3057504209,"workless@gmail.com");
INSERT INTO LOCATIONS(Address,Name,Frequency,Last_Trip,Customer_C_Phone_Number,Customer_C_email_ID) VALUES("hexoicgrubrootwoodbinds11452","filcher",9,'4530-24-05 6:3:2',58192188,"circuitman@gmail.com");
INSERT INTO LOCATIONS(Address,Name,Frequency,Last_Trip,Customer_C_Phone_Number,Customer_C_email_ID) VALUES("hyphodromedeveinsnonzebra00206","avars",3,'1031-01-13 5:11:8',8700553480,"subterfuge@gmail.com");
INSERT INTO LOCATIONS(Address,Name,Frequency,Last_Trip,Customer_C_Phone_Number,Customer_C_email_ID) VALUES("urogomphusspinninglydegraders26665","cervicovaginal",7,'3250-54-30 4:5:5',4618289802,"aerily@gmail.com");
INSERT INTO LOCATIONS(Address,Name,Frequency,Last_Trip,Customer_C_Phone_Number,Customer_C_email_ID) VALUES("piecewisenonbindinglyhusked05432","interlotted",1,'6121-06-41 1:3:4',6810322068,"biome@gmail.com");
INSERT INTO LOCATIONS(Address,Name,Frequency,Last_Trip,Customer_C_Phone_Number,Customer_C_email_ID) VALUES("retailsmgrectoabdominal45631","leproid",5,'4614-30-05 13:10:3',9671150212,"perpetration@gmail.com");
INSERT INTO LOCATIONS(Address,Name,Frequency,Last_Trip,Customer_C_Phone_Number,Customer_C_email_ID) VALUES("equanimousposturalmutines03524","theurgically",9,'4615-53-52 7:5:12',9006090966,"multilobed@gmail.com");
INSERT INTO LOCATIONS(Address,Name,Frequency,Last_Trip,Customer_C_Phone_Number,Customer_C_email_ID) VALUES("oxymandelicbrumbiemagenta00646","labiogression",9,'4212-60-20 2:3:9',5522909474,"aenigmatite@gmail.com");
INSERT INTO LOCATIONS(Address,Name,Frequency,Last_Trip,Customer_C_Phone_Number,Customer_C_email_ID) VALUES("gaslightaloyauuntunefully15501","wisdomship",8,'3050-02-45 2:2:7',5678040704,"outbrag@gmail.com");
INSERT INTO LOCATIONS(Address,Name,Frequency,Last_Trip,Customer_C_Phone_Number,Customer_C_email_ID) VALUES("groceryeupittonegastrocnemian33436","eastwardly",0,'4131-03-55 5:10:7',382809563,"redistributing@gmail.com");
INSERT INTO LOCATIONS(Address,Name,Frequency,Last_Trip,Customer_C_Phone_Number,Customer_C_email_ID) VALUES("volcanoesserenityjollytail06454","japaconin",7,'5054-31-46 11:4:9',774345730,"radiosensitivities@gmail.com");
INSERT INTO LOCATIONS(Address,Name,Frequency,Last_Trip,Customer_C_Phone_Number,Customer_C_email_ID) VALUES("realitiestarsoplasiaskeletal22231","syntonous",7,'1041-12-23 2:5:10',7212667217,"toxidermic@gmail.com");
INSERT INTO LOCATIONS(Address,Name,Frequency,Last_Trip,Customer_C_Phone_Number,Customer_C_email_ID) VALUES("reticulosamalguzarmyelopathic40025","sarmentose",4,'3044-00-41 6:6:6',8437704085,"overemotionalizing@gmail.com");
INSERT INTO LOCATIONS(Address,Name,Frequency,Last_Trip,Customer_C_Phone_Number,Customer_C_email_ID) VALUES("acceptablesyzygiaangulosplenial63604","xylo",8,'3032-30-51 7:3:11',4000662337,"pollock@gmail.com");
INSERT INTO LOCATIONS(Address,Name,Frequency,Last_Trip,Customer_C_Phone_Number,Customer_C_email_ID) VALUES("subventrallyvinousnessectadenia10244","misentered",9,'5634-44-61 10:12:4',835501231,"counterrevolution@gmail.com");
INSERT INTO LOCATIONS(Address,Name,Frequency,Last_Trip,Customer_C_Phone_Number,Customer_C_email_ID) VALUES("antiopiumitewithdrawalsinformalism33015","svaraj",6,'3165-21-44 10:5:3',511690860,"exopterygotic@gmail.com");
INSERT INTO LOCATIONS(Address,Name,Frequency,Last_Trip,Customer_C_Phone_Number,Customer_C_email_ID) VALUES("nursedomsymptomatologicallyisoquinine64541","intergovernmental",9,'3442-45-34 7:2:5',897020456,"undiscreetness@gmail.com");
INSERT INTO LOCATIONS(Address,Name,Frequency,Last_Trip,Customer_C_Phone_Number,Customer_C_email_ID) VALUES("ghegishtenebresparenting52003","preheats",4,'6414-34-42 11:10:3',4341101389,"enregistering@gmail.com");
INSERT INTO LOCATIONS(Address,Name,Frequency,Last_Trip,Customer_C_Phone_Number,Customer_C_email_ID) VALUES("allographicunconsoledtruckling34203","aria",7,'2033-43-15 11:9:9',82996808,"galeodes@gmail.com");
INSERT INTO LOCATIONS(Address,Name,Frequency,Last_Trip,Customer_C_Phone_Number,Customer_C_email_ID) VALUES("overtenseproconquestethicality16103","pronunciatory",2,'0065-40-51 11:5:2',1400870451,"pentanes@gmail.com");
INSERT INTO LOCATIONS(Address,Name,Frequency,Last_Trip,Customer_C_Phone_Number,Customer_C_email_ID) VALUES("tricephalmarcherauriculariaceae15323","counterside",2,'1161-23-04 4:10:10',2404253382,"unshouting@gmail.com");
INSERT INTO LOCATIONS(Address,Name,Frequency,Last_Trip,Customer_C_Phone_Number,Customer_C_email_ID) VALUES("bespottednessguhaynaesne52146","inspires",8,'2206-10-21 7:1:7',9866700602,"stomachal@gmail.com");
INSERT INTO LOCATIONS(Address,Name,Frequency,Last_Trip,Customer_C_Phone_Number,Customer_C_email_ID) VALUES("sacramentalnesspharmacistsvendable06612","cartouch",4,'6325-63-22 3:6:4',9006090966,"multilobed@gmail.com");
INSERT INTO LOCATIONS(Address,Name,Frequency,Last_Trip,Customer_C_Phone_Number,Customer_C_email_ID) VALUES("beautiintrapontinesandalled04535","hagiarchy",5,'4314-33-44 4:4:2',5231390093,"sereins@gmail.com");
INSERT INTO LOCATIONS(Address,Name,Frequency,Last_Trip,Customer_C_Phone_Number,Customer_C_email_ID) VALUES("munceriansquattocraticbruiser60116","stramp",9,'5342-65-06 12:6:2',1563399302,"vinyl@gmail.com");
INSERT INTO LOCATIONS(Address,Name,Frequency,Last_Trip,Customer_C_Phone_Number,Customer_C_email_ID) VALUES("katywalksidewaylaying60124","extoling",0,'3566-11-52 9:12:2',5746035243,"antimodernization@gmail.com");
INSERT INTO LOCATIONS(Address,Name,Frequency,Last_Trip,Customer_C_Phone_Number,Customer_C_email_ID) VALUES("encashexpensefulwonky60241","proverbial",1,'1214-22-53 9:4:2',2325476852,"nasomalar@gmail.com");
INSERT INTO LOCATIONS(Address,Name,Frequency,Last_Trip,Customer_C_Phone_Number,Customer_C_email_ID) VALUES("gerontesquindecillionnarwal01423","stereomicroscope",4,'1426-55-51 13:12:12',4015897960,"tupara@gmail.com");
INSERT INTO LOCATIONS(Address,Name,Frequency,Last_Trip,Customer_C_Phone_Number,Customer_C_email_ID) VALUES("specializationmolengraaffitepanopticon66635","ironflower",0,'2610-06-11 2:1:12',1799547244,"glamorous@gmail.com");
INSERT INTO LOCATIONS(Address,Name,Frequency,Last_Trip,Customer_C_Phone_Number,Customer_C_email_ID) VALUES("phlebotomizationsaltatoriousoligophagy65436","spence",5,'4531-61-60 5:6:4',5019228091,"agile@gmail.com");
INSERT INTO LOCATIONS(Address,Name,Frequency,Last_Trip,Customer_C_Phone_Number,Customer_C_email_ID) VALUES("polyploidacetopheninemotherwort03531","pronymph",0,'5210-05-20 10:4:12',3176634070,"psammophile@gmail.com");
INSERT INTO LOCATIONS(Address,Name,Frequency,Last_Trip,Customer_C_Phone_Number,Customer_C_email_ID) VALUES("gynecopathichoundsfootmorselization56666","gerbillus",3,'1316-52-25 7:5:12',1380368713,"schisandra@gmail.com");
INSERT INTO LOCATIONS(Address,Name,Frequency,Last_Trip,Customer_C_Phone_Number,Customer_C_email_ID) VALUES("ombrometricunpurifiablequeenfish03522","estrado",8,'6613-31-16 8:3:5',3120400664,"phoneidoscope@gmail.com");
INSERT INTO LOCATIONS(Address,Name,Frequency,Last_Trip,Customer_C_Phone_Number,Customer_C_email_ID) VALUES("montargissuperinducingprecongratulating06450","livelihoods",7,'4210-40-21 10:9:13',3823743303,"neurohumor@gmail.com");
INSERT INTO LOCATIONS(Address,Name,Frequency,Last_Trip,Customer_C_Phone_Number,Customer_C_email_ID) VALUES("unhearablerevelrouscounterembattled52622","equipotent",2,'2565-50-45 2:3:6',343920025,"deadwoods@gmail.com");
INSERT INTO LOCATIONS(Address,Name,Frequency,Last_Trip,Customer_C_Phone_Number,Customer_C_email_ID) VALUES("damaskeenamyelencephalousbaudekin53021","mesopodia",3,'0352-21-31 1:4:10',2088298108,"undrossy@gmail.com");
INSERT INTO LOCATIONS(Address,Name,Frequency,Last_Trip,Customer_C_Phone_Number,Customer_C_email_ID) VALUES("windfallendispatchersarrendator56005","rambla",1,'6016-14-22 11:2:3',4801270604,"petalody@gmail.com");
INSERT INTO LOCATIONS(Address,Name,Frequency,Last_Trip,Customer_C_Phone_Number,Customer_C_email_ID) VALUES("timpanistearmarkaristolochine02022","noncorruptibly",9,'5051-64-26 13:9:1',2352177785,"bucerotidae@gmail.com");
INSERT INTO LOCATIONS(Address,Name,Frequency,Last_Trip,Customer_C_Phone_Number,Customer_C_email_ID) VALUES("consentfullybeguilingtunker40100","taffarel",0,'2560-32-12 5:8:8',1998805860,"gunk@gmail.com");
INSERT INTO LOCATIONS(Address,Name,Frequency,Last_Trip,Customer_C_Phone_Number,Customer_C_email_ID) VALUES("photogratfaucitisciphony63401","exiled",1,'4423-66-42 2:4:10',7327918314,"methodist@gmail.com");
INSERT INTO LOCATIONS(Address,Name,Frequency,Last_Trip,Customer_C_Phone_Number,Customer_C_email_ID) VALUES("picotpraestomiumnonhereditably66550","gentiana",3,'6426-14-66 3:9:4',6470058768,"chelerythrin@gmail.com");
INSERT INTO LOCATIONS(Address,Name,Frequency,Last_Trip,Customer_C_Phone_Number,Customer_C_email_ID) VALUES("urialicenseeunfurnished64655","overdoses",7,'4644-01-44 7:3:5',6185415101,"teda@gmail.com");
INSERT INTO LOCATIONS(Address,Name,Frequency,Last_Trip,Customer_C_Phone_Number,Customer_C_email_ID) VALUES("roomiemolluscawrainstaff02462","unconstrainable",6,'6543-41-05 3:4:6',724000000,"homeostatically@gmail.com");
INSERT INTO LOCATIONS(Address,Name,Frequency,Last_Trip,Customer_C_Phone_Number,Customer_C_email_ID) VALUES("roilednessalphabeticallylactoproteid50035","imdtly",0,'1363-02-41 12:2:11',1445108870,"setup@gmail.com");
INSERT INTO LOCATIONS(Address,Name,Frequency,Last_Trip,Customer_C_Phone_Number,Customer_C_email_ID) VALUES("antimedievallypheasantwoodegghead05635","kiwanian",0,'1060-41-55 2:5:3',5522909474,"aenigmatite@gmail.com");
INSERT INTO LOCATIONS(Address,Name,Frequency,Last_Trip,Customer_C_Phone_Number,Customer_C_email_ID) VALUES("barkanprecontroversybeclogs26344","revelationer",5,'3424-65-01 3:2:4',617485522,"parled@gmail.com");
INSERT INTO LOCATIONS(Address,Name,Frequency,Last_Trip,Customer_C_Phone_Number,Customer_C_email_ID) VALUES("moneyersunderteachercatechetic33200","sector",0,'3663-64-23 8:13:7',3582088,"startfulness@gmail.com");
INSERT INTO LOCATIONS(Address,Name,Frequency,Last_Trip,Customer_C_Phone_Number,Customer_C_email_ID) VALUES("giggitgownsbushveld22113","eumenid",9,'4400-00-43 1:12:2',9230282070,"cyclamens@gmail.com");
INSERT INTO LOCATIONS(Address,Name,Frequency,Last_Trip,Customer_C_Phone_Number,Customer_C_email_ID) VALUES("jumblysylvanspigeontail54416","dysprosia",1,'3412-23-13 2:6:6',8996611700,"hydnum@gmail.com");
INSERT INTO LOCATIONS(Address,Name,Frequency,Last_Trip,Customer_C_Phone_Number,Customer_C_email_ID) VALUES("sernambynigranilinepreexact02303","carling",0,'5434-43-45 3:10:13',6606798960,"dampish@gmail.com");
INSERT INTO LOCATIONS(Address,Name,Frequency,Last_Trip,Customer_C_Phone_Number,Customer_C_email_ID) VALUES("undisowninginvigoratedautonomist02343","unadvancement",4,'0105-50-00 10:3:4',1228130022,"ravioli@gmail.com");
INSERT INTO LOCATIONS(Address,Name,Frequency,Last_Trip,Customer_C_Phone_Number,Customer_C_email_ID) VALUES("dimensionedoutweaponrestructure56521","egomism",6,'5162-61-01 4:11:3',75365079,"caravel@gmail.com");
INSERT INTO LOCATIONS(Address,Name,Frequency,Last_Trip,Customer_C_Phone_Number,Customer_C_email_ID) VALUES("longboatsoffsidercerium15041","sideromagnetic",6,'3645-26-23 7:4:11',8151679310,"responsively@gmail.com");
INSERT INTO LOCATIONS(Address,Name,Frequency,Last_Trip,Customer_C_Phone_Number,Customer_C_email_ID) VALUES("gustosparkilyveridically61550","demibrute",7,'6201-43-10 3:11:8',6057377027,"acetamide@gmail.com");
INSERT INTO LOCATIONS(Address,Name,Frequency,Last_Trip,Customer_C_Phone_Number,Customer_C_email_ID) VALUES("wheelmanmossdicentra50124","monimia",6,'4326-21-16 5:10:9',3020410117,"bandle@gmail.com");
INSERT INTO LOCATIONS(Address,Name,Frequency,Last_Trip,Customer_C_Phone_Number,Customer_C_email_ID) VALUES("coachletcrenaturedraggletailed40550","wispish",0,'1662-26-23 10:1:3',723383326,"sapbush@gmail.com");
INSERT INTO LOCATIONS(Address,Name,Frequency,Last_Trip,Customer_C_Phone_Number,Customer_C_email_ID) VALUES("snaggletoothedtypotherianavig00515","absolvitory",5,'0622-16-42 13:5:13',8274781335,"gestapo@gmail.com");
INSERT INTO LOCATIONS(Address,Name,Frequency,Last_Trip,Customer_C_Phone_Number,Customer_C_email_ID) VALUES("gentianaterrasesvelardenite34321","calymene",3,'3323-30-43 12:2:5',611600896,"micraco@gmail.com");
INSERT INTO LOCATIONS(Address,Name,Frequency,Last_Trip,Customer_C_Phone_Number,Customer_C_email_ID) VALUES("undistinctivereratevi34523","tillicum",2,'1503-43-03 8:11:11',2489753138,"nonbending@gmail.com");
INSERT INTO LOCATIONS(Address,Name,Frequency,Last_Trip,Customer_C_Phone_Number,Customer_C_email_ID) VALUES("taplashbunyorounstained21535","displode",4,'5316-60-50 10:2:5',3823743303,"neurohumor@gmail.com");
INSERT INTO LOCATIONS(Address,Name,Frequency,Last_Trip,Customer_C_Phone_Number,Customer_C_email_ID) VALUES("heteroautotrophiccattailsvulvocrural54305","motory",0,'5023-05-34 6:11:12',8191453869,"officials@gmail.com");
INSERT INTO LOCATIONS(Address,Name,Frequency,Last_Trip,Customer_C_Phone_Number,Customer_C_email_ID) VALUES("quadrigatecarthusiantrinomial24642","tamponade",1,'4361-52-54 2:3:5',940631017,"palatognathous@gmail.com");
INSERT INTO LOCATIONS(Address,Name,Frequency,Last_Trip,Customer_C_Phone_Number,Customer_C_email_ID) VALUES("geogonyiconomatographyexomphalus03523","somatrophin",1,'5465-61-60 1:2:11',6704470532,"rebranches@gmail.com");
INSERT INTO LOCATIONS(Address,Name,Frequency,Last_Trip,Customer_C_Phone_Number,Customer_C_email_ID) VALUES("vedetoverburninglynonnicotinic36425","skiffles",6,'4645-15-02 12:5:10',1998805860,"gunk@gmail.com");
INSERT INTO LOCATIONS(Address,Name,Frequency,Last_Trip,Customer_C_Phone_Number,Customer_C_email_ID) VALUES("brassworkkingmakingdemulsion52341","ago",2,'0322-12-05 4:1:13',4801270604,"petalody@gmail.com");
INSERT INTO LOCATIONS(Address,Name,Frequency,Last_Trip,Customer_C_Phone_Number,Customer_C_email_ID) VALUES("demeritoriouslywatchglassfulslipslap62661","emends",5,'6303-05-55 3:6:12',54600309,"overpowered@gmail.com");
INSERT INTO LOCATIONS(Address,Name,Frequency,Last_Trip,Customer_C_Phone_Number,Customer_C_email_ID) VALUES("unseeablenessscopicgreencloth62152","pilers",2,'0524-00-06 3:4:7',5804771009,"lassu@gmail.com");
INSERT INTO LOCATIONS(Address,Name,Frequency,Last_Trip,Customer_C_Phone_Number,Customer_C_email_ID) VALUES("parentshipphonstaurean66560","imposthume",0,'2434-52-14 11:7:13',2666095996,"subscriptively@gmail.com");
INSERT INTO LOCATIONS(Address,Name,Frequency,Last_Trip,Customer_C_Phone_Number,Customer_C_email_ID) VALUES("tannocaffeicannamitesugariest44420","phylogenetically",1,'6136-63-52 6:9:5',3176634070,"psammophile@gmail.com");
INSERT INTO LOCATIONS(Address,Name,Frequency,Last_Trip,Customer_C_Phone_Number,Customer_C_email_ID) VALUES("creeperlessmoronismwhack51555","cyanometer",4,'6651-01-11 10:7:9',75416148,"conjure@gmail.com");
INSERT INTO LOCATIONS(Address,Name,Frequency,Last_Trip,Customer_C_Phone_Number,Customer_C_email_ID) VALUES("unsecretedauriculocranialsalicorn06522","scagliolist",1,'4305-44-10 5:12:1',5328581936,"rheumic@gmail.com");
INSERT INTO LOCATIONS(Address,Name,Frequency,Last_Trip,Customer_C_Phone_Number,Customer_C_email_ID) VALUES("moppedaminstricar25243","ritschlian",4,'2145-46-04 13:9:7',82996808,"galeodes@gmail.com");
INSERT INTO LOCATIONS(Address,Name,Frequency,Last_Trip,Customer_C_Phone_Number,Customer_C_email_ID) VALUES("nephropyeloplastycratemakingnonlucrativeness16353","prodisplay",7,'3310-10-30 7:10:6',9045630347,"phosphorogene@gmail.com");
INSERT INTO LOCATIONS(Address,Name,Frequency,Last_Trip,Customer_C_Phone_Number,Customer_C_email_ID) VALUES("duckpinsmazeunnumbed43504","eurhythmy",3,'5106-43-05 4:12:10',1041208079,"isodynamia@gmail.com");
INSERT INTO LOCATIONS(Address,Name,Frequency,Last_Trip,Customer_C_Phone_Number,Customer_C_email_ID) VALUES("labiomentalirredeemedcaporals00504","mellivorous",5,'5052-43-26 10:6:5',2489753138,"nonbending@gmail.com");
INSERT INTO LOCATIONS(Address,Name,Frequency,Last_Trip,Customer_C_Phone_Number,Customer_C_email_ID) VALUES("noncellulosicsketadiabatic02165","uloncus",9,'6235-10-42 8:8:5',4100515220,"conventual@gmail.com");
INSERT INTO LOCATIONS(Address,Name,Frequency,Last_Trip,Customer_C_Phone_Number,Customer_C_email_ID) VALUES("carbonisingsperketpyritology15432","sline",5,'5535-45-64 11:10:6',3057504209,"workless@gmail.com");
INSERT INTO LOCATIONS(Address,Name,Frequency,Last_Trip,Customer_C_Phone_Number,Customer_C_email_ID) VALUES("pedatilobedpulverisebuckeroos01101","portcullising",4,'5400-40-06 2:4:5',2557120129,"earable@gmail.com");
INSERT INTO LOCATIONS(Address,Name,Frequency,Last_Trip,Customer_C_Phone_Number,Customer_C_email_ID) VALUES("bioplasteducationalpromenaders20256","nonserviceable",8,'1601-31-24 13:10:12',2456723050,"conjurations@gmail.com");
INSERT INTO LOCATIONS(Address,Name,Frequency,Last_Trip,Customer_C_Phone_Number,Customer_C_email_ID) VALUES("sifflotplebeianizeunvaunting21443","descension",0,'2210-11-13 4:12:2',3582088,"startfulness@gmail.com");
INSERT INTO LOCATIONS(Address,Name,Frequency,Last_Trip,Customer_C_Phone_Number,Customer_C_email_ID) VALUES("overdraftsstaffmanlimewash33114","realiser",8,'2462-62-50 12:10:6',695944421,"use@gmail.com");
INSERT INTO LOCATIONS(Address,Name,Frequency,Last_Trip,Customer_C_Phone_Number,Customer_C_email_ID) VALUES("breatherebonisingdissuited36326","trachealis",5,'6661-56-54 12:5:12',305103615,"landlubberish@gmail.com");
INSERT INTO LOCATIONS(Address,Name,Frequency,Last_Trip,Customer_C_Phone_Number,Customer_C_email_ID) VALUES("passifloraanticatalyzerelixate40601","undertimed",8,'2212-53-34 5:7:9',505079156,"finks@gmail.com");
INSERT INTO LOCATIONS(Address,Name,Frequency,Last_Trip,Customer_C_Phone_Number,Customer_C_email_ID) VALUES("wilenewspaperwomancloke26345","obvious",7,'2652-43-42 8:4:11',6057377027,"acetamide@gmail.com");
INSERT INTO LOCATIONS(Address,Name,Frequency,Last_Trip,Customer_C_Phone_Number,Customer_C_email_ID) VALUES("phototypebronchorrheauniconoclastically14131","augitophyre",0,'1053-22-45 2:2:5',4618289802,"aerily@gmail.com");
INSERT INTO LOCATIONS(Address,Name,Frequency,Last_Trip,Customer_C_Phone_Number,Customer_C_email_ID) VALUES("depurantnonsacerdotalfebrile12342","liquored",4,'3406-46-54 2:7:5',279805990,"dourah@gmail.com");
INSERT INTO LOCATIONS(Address,Name,Frequency,Last_Trip,Customer_C_Phone_Number,Customer_C_email_ID) VALUES("dingbatunatonedresuscitant30640","cubmaster",5,'3143-02-13 3:7:1',3696013613,"snuffliest@gmail.com");
INSERT INTO LOCATIONS(Address,Name,Frequency,Last_Trip,Customer_C_Phone_Number,Customer_C_email_ID) VALUES("backbanddramatisermaskflower45040","chama",4,'1134-63-45 11:3:10',897020456,"undiscreetness@gmail.com");
INSERT INTO LOCATIONS(Address,Name,Frequency,Last_Trip,Customer_C_Phone_Number,Customer_C_email_ID) VALUES("enspheringfricasseingkeuper62433","meadowless",8,'2300-30-30 8:4:3',7236006721,"homestretches@gmail.com");
INSERT INTO LOCATIONS(Address,Name,Frequency,Last_Trip,Customer_C_Phone_Number,Customer_C_email_ID) VALUES("snellsuperficienycterine54632","thermoelectromotive",7,'4514-44-54 4:5:8',1140082282,"shortheels@gmail.com");
INSERT INTO LOCATIONS(Address,Name,Frequency,Last_Trip,Customer_C_Phone_Number,Customer_C_email_ID) VALUES("exodermsdogedomundead05331","horsecars",2,'5155-00-65 3:7:5',4162170548,"nontenantable@gmail.com");
INSERT INTO LOCATIONS(Address,Name,Frequency,Last_Trip,Customer_C_Phone_Number,Customer_C_email_ID) VALUES("heavysetarsenicophagyprohibitiveness26462","undo",0,'0020-06-60 1:9:10',8151679310,"responsively@gmail.com");
INSERT INTO LOCATIONS(Address,Name,Frequency,Last_Trip,Customer_C_Phone_Number,Customer_C_email_ID) VALUES("unimprovisedhydroxytryptaminecarbonylate64566","nonoptionally",1,'1010-46-45 4:12:4',2489753138,"nonbending@gmail.com");
INSERT INTO LOCATIONS(Address,Name,Frequency,Last_Trip,Customer_C_Phone_Number,Customer_C_email_ID) VALUES("preguaranteesunscorchreinclining01006","photoproton",4,'5126-06-66 5:3:9',7262195516,"fructoses@gmail.com");
INSERT INTO LOCATIONS(Address,Name,Frequency,Last_Trip,Customer_C_Phone_Number,Customer_C_email_ID) VALUES("immorallyflakagequillais02205","loosing",7,'4436-26-06 2:7:9',8431770062,"kouros@gmail.com");
INSERT INTO LOCATIONS(Address,Name,Frequency,Last_Trip,Customer_C_Phone_Number,Customer_C_email_ID) VALUES("undegeneratedphagedaenoushesperinon42650","bawn",9,'6315-16-60 4:5:9',3915186784,"viseman@gmail.com");
INSERT INTO LOCATIONS(Address,Name,Frequency,Last_Trip,Customer_C_Phone_Number,Customer_C_email_ID) VALUES("superlayjohnnycakepropositionize54342","serofibrinous",1,'1305-25-51 3:8:6',8700553480,"subterfuge@gmail.com");
INSERT INTO LOCATIONS(Address,Name,Frequency,Last_Trip,Customer_C_Phone_Number,Customer_C_email_ID) VALUES("repaginatingaspergilliformpishogue03203","suddenly",3,'3512-34-55 2:6:2',5084800759,"casuistess@gmail.com");
INSERT INTO LOCATIONS(Address,Name,Frequency,Last_Trip,Customer_C_Phone_Number,Customer_C_email_ID) VALUES("succeededunwrestattuned20120","legators",6,'4241-02-20 12:12:2',7003320532,"williwaws@gmail.com");
INSERT INTO LOCATIONS(Address,Name,Frequency,Last_Trip,Customer_C_Phone_Number,Customer_C_email_ID) VALUES("lakelanderkakarikienviously15226","eutrophication",4,'2240-33-20 9:2:9',8060193880,"stepstone@gmail.com");
INSERT INTO LOCATIONS(Address,Name,Frequency,Last_Trip,Customer_C_Phone_Number,Customer_C_email_ID) VALUES("fusilladingcoassertercryptoagnostic44242","reintitule",6,'2550-25-65 4:13:7',2352177785,"bucerotidae@gmail.com");
INSERT INTO LOCATIONS(Address,Name,Frequency,Last_Trip,Customer_C_Phone_Number,Customer_C_email_ID) VALUES("ingoingnesshailersnormalization21506","candelabras",1,'5425-11-52 10:12:9',9091009512,"tentaculocyst@gmail.com");
INSERT INTO LOCATIONS(Address,Name,Frequency,Last_Trip,Customer_C_Phone_Number,Customer_C_email_ID) VALUES("microskirtacanthosisunderpass31325","unvoting",0,'0461-65-25 5:11:12',2404253382,"unshouting@gmail.com");
INSERT INTO LOCATIONS(Address,Name,Frequency,Last_Trip,Customer_C_Phone_Number,Customer_C_email_ID) VALUES("countyallosauruscardueline36133","subpiston",0,'1261-25-63 11:2:11',3507519447,"novodamus@gmail.com");
INSERT INTO LOCATIONS(Address,Name,Frequency,Last_Trip,Customer_C_Phone_Number,Customer_C_email_ID) VALUES("endophyticallyolfactoriesfondant56603","deductio",0,'5054-30-01 2:4:1',781635148,"outdriving@gmail.com");
INSERT INTO LOCATIONS(Address,Name,Frequency,Last_Trip,Customer_C_Phone_Number,Customer_C_email_ID) VALUES("dictatorialfissidactylmisallotted05644","reeder",9,'5662-01-52 3:2:7',4508227398,"misadventurous@gmail.com");
INSERT INTO LOCATIONS(Address,Name,Frequency,Last_Trip,Customer_C_Phone_Number,Customer_C_email_ID) VALUES("nonimputativephacoscopepneumatophany53533","dicky",8,'3610-32-64 7:2:2',2557120129,"earable@gmail.com");
INSERT INTO LOCATIONS(Address,Name,Frequency,Last_Trip,Customer_C_Phone_Number,Customer_C_email_ID) VALUES("phagocytoblastcolliercheckoff26500","whoreishness",3,'3133-41-22 9:7:9',478309487,"flitter@gmail.com");
INSERT INTO LOCATIONS(Address,Name,Frequency,Last_Trip,Customer_C_Phone_Number,Customer_C_email_ID) VALUES("sentinelextrinsiccopiers53413","cowpath",5,'3351-30-16 4:1:9',6057377027,"acetamide@gmail.com");
INSERT INTO LOCATIONS(Address,Name,Frequency,Last_Trip,Customer_C_Phone_Number,Customer_C_email_ID) VALUES("crumbernonexcerptiblepretracheal16351","epistolatory",1,'4461-40-02 4:10:4',9866700602,"stomachal@gmail.com");
INSERT INTO LOCATIONS(Address,Name,Frequency,Last_Trip,Customer_C_Phone_Number,Customer_C_email_ID) VALUES("diaclasesaimydisrated13312","porkpies",5,'3262-03-26 12:8:5',7006464517,"collectivizing@gmail.com");
INSERT INTO LOCATIONS(Address,Name,Frequency,Last_Trip,Customer_C_Phone_Number,Customer_C_email_ID) VALUES("taxonomicallywindsockalarmist62024","recrystallised",2,'5205-25-22 13:5:2',7985700586,"lymphology@gmail.com");
INSERT INTO LOCATIONS(Address,Name,Frequency,Last_Trip,Customer_C_Phone_Number,Customer_C_email_ID) VALUES("astrologousguacimolarvacea55551","rebozos",2,'4351-32-55 2:7:3',1000708014,"networked@gmail.com");
INSERT INTO LOCATIONS(Address,Name,Frequency,Last_Trip,Customer_C_Phone_Number,Customer_C_email_ID) VALUES("shagginessmotheredschoolmasterishness60102","floralize",8,'1141-62-42 3:9:7',1380368713,"schisandra@gmail.com");
INSERT INTO LOCATIONS(Address,Name,Frequency,Last_Trip,Customer_C_Phone_Number,Customer_C_email_ID) VALUES("grippingnesstittupymermaids54003","procoracoid",1,'1320-44-45 11:5:10',695944421,"use@gmail.com");
INSERT INTO LOCATIONS(Address,Name,Frequency,Last_Trip,Customer_C_Phone_Number,Customer_C_email_ID) VALUES("gladshipapoatropinereeking55465","vermonter",5,'3211-40-63 4:11:8',9720443178,"antiangular@gmail.com");
INSERT INTO LOCATIONS(Address,Name,Frequency,Last_Trip,Customer_C_Phone_Number,Customer_C_email_ID) VALUES("chequeslegalrondelles54624","fella",0,'3314-61-05 12:1:9',86530768,"romanian@gmail.com");
INSERT INTO LOCATIONS(Address,Name,Frequency,Last_Trip,Customer_C_Phone_Number,Customer_C_email_ID) VALUES("unnoteworthinesssnakingobdurate15045","satanical",6,'5562-55-54 6:6:2',1400870451,"pentanes@gmail.com");
INSERT INTO LOCATIONS(Address,Name,Frequency,Last_Trip,Customer_C_Phone_Number,Customer_C_email_ID) VALUES("impugnchologeneticnauscopy44206","perk",8,'4612-12-02 1:1:4',8269470588,"ruttily@gmail.com");
INSERT INTO LOCATIONS(Address,Name,Frequency,Last_Trip,Customer_C_Phone_Number,Customer_C_email_ID) VALUES("minimiquotersculptured00536","hazily",7,'2466-14-23 12:11:3',9866700602,"stomachal@gmail.com");
INSERT INTO LOCATIONS(Address,Name,Frequency,Last_Trip,Customer_C_Phone_Number,Customer_C_email_ID) VALUES("freightspylorodilatorleadeth22025","lumbrous",2,'2343-43-62 13:10:1',897020456,"undiscreetness@gmail.com");
INSERT INTO LOCATIONS(Address,Name,Frequency,Last_Trip,Customer_C_Phone_Number,Customer_C_email_ID) VALUES("roundentosternumdiscipleship45121","crusily",9,'3016-43-23 12:12:1',2273030413,"hemihypalgesia@gmail.com");
INSERT INTO LOCATIONS(Address,Name,Frequency,Last_Trip,Customer_C_Phone_Number,Customer_C_email_ID) VALUES("pancreaticoduodenostomyfleysconspiracy56052","overcondensed",3,'5440-33-16 7:9:11',975359112,"stealthier@gmail.com");
INSERT INTO LOCATIONS(Address,Name,Frequency,Last_Trip,Customer_C_Phone_Number,Customer_C_email_ID) VALUES("pelikezabaionehematothorax42640","overseverely",4,'5221-05-33 6:9:6',774345730,"radiosensitivities@gmail.com");
INSERT INTO LOCATIONS(Address,Name,Frequency,Last_Trip,Customer_C_Phone_Number,Customer_C_email_ID) VALUES("liliedhotelhoodpaganry40403","quintescence",0,'4032-13-32 13:12:1',681657298,"nycteris@gmail.com");
INSERT INTO LOCATIONS(Address,Name,Frequency,Last_Trip,Customer_C_Phone_Number,Customer_C_email_ID) VALUES("gymnasticshanghaiingmisdid06256","wiriest",3,'0561-03-55 4:3:11',9006090966,"multilobed@gmail.com");
INSERT INTO LOCATIONS(Address,Name,Frequency,Last_Trip,Customer_C_Phone_Number,Customer_C_email_ID) VALUES("waxingspasquillernuzzer52404","humiliatingly",6,'6151-45-55 8:1:10',9230282070,"cyclamens@gmail.com");
INSERT INTO LOCATIONS(Address,Name,Frequency,Last_Trip,Customer_C_Phone_Number,Customer_C_email_ID) VALUES("prospersvagariouscohol01622","unkindliest",9,'4026-21-65 10:7:13',3823743303,"neurohumor@gmail.com");
INSERT INTO LOCATIONS(Address,Name,Frequency,Last_Trip,Customer_C_Phone_Number,Customer_C_email_ID) VALUES("cerographicaltercesontologistic23253","giga",3,'5064-05-14 9:9:4',611600896,"micraco@gmail.com");
INSERT INTO LOCATIONS(Address,Name,Frequency,Last_Trip,Customer_C_Phone_Number,Customer_C_email_ID) VALUES("impeachabilitysubictericalmats50230","pathogeneses",3,'4562-45-10 10:9:12',5522909474,"aenigmatite@gmail.com");
INSERT INTO LOCATIONS(Address,Name,Frequency,Last_Trip,Customer_C_Phone_Number,Customer_C_email_ID) VALUES("jonessnoutedmortising42022","reposer",4,'0621-60-54 12:11:1',2175456697,"virtual@gmail.com");
INSERT INTO LOCATIONS(Address,Name,Frequency,Last_Trip,Customer_C_Phone_Number,Customer_C_email_ID) VALUES("turneraceaebedmakerscontinentaler62065","faitor",0,'6254-54-52 4:12:9',3831144327,"didymium@gmail.com");
INSERT INTO LOCATIONS(Address,Name,Frequency,Last_Trip,Customer_C_Phone_Number,Customer_C_email_ID) VALUES("undecadentbehovingtolu36461","mercantilists",4,'6300-52-40 9:9:11',511690860,"exopterygotic@gmail.com");
INSERT INTO LOCATIONS(Address,Name,Frequency,Last_Trip,Customer_C_Phone_Number,Customer_C_email_ID) VALUES("bioactivityhostilesvagrancies55525","altrices",7,'4156-24-56 7:9:8',4050752415,"reposure@gmail.com");
INSERT INTO LOCATIONS(Address,Name,Frequency,Last_Trip,Customer_C_Phone_Number,Customer_C_email_ID) VALUES("backagecystophotographypeccadillos45513","multiradicular",6,'3643-25-16 13:1:11',1936985920,"unpredictively@gmail.com");
INSERT INTO LOCATIONS(Address,Name,Frequency,Last_Trip,Customer_C_Phone_Number,Customer_C_email_ID) VALUES("unpaganreeruptmicasization12122","infesting",9,'2401-23-13 1:4:9',5306057060,"tranced@gmail.com");
INSERT INTO LOCATIONS(Address,Name,Frequency,Last_Trip,Customer_C_Phone_Number,Customer_C_email_ID) VALUES("epsilonfortunatenessreaffirmer05601","amortizing",9,'1015-61-42 12:6:12',5700652508,"washwomen@gmail.com");
INSERT INTO LOCATIONS(Address,Name,Frequency,Last_Trip,Customer_C_Phone_Number,Customer_C_email_ID) VALUES("bimodalaccumulatingadjutator63451","anhaematopoiesis",0,'4116-14-04 9:6:11',4408010773,"subcommissaries@gmail.com");
INSERT INTO LOCATIONS(Address,Name,Frequency,Last_Trip,Customer_C_Phone_Number,Customer_C_email_ID) VALUES("enclavedunlionisedsolarised55332","misbandage",4,'3565-01-13 13:5:2',8151679310,"responsively@gmail.com");
INSERT INTO LOCATIONS(Address,Name,Frequency,Last_Trip,Customer_C_Phone_Number,Customer_C_email_ID) VALUES("visionproofmosshornoverwilily61045","rhodizonic",0,'4044-04-03 3:12:8',305103615,"landlubberish@gmail.com");
INSERT INTO LOCATIONS(Address,Name,Frequency,Last_Trip,Customer_C_Phone_Number,Customer_C_email_ID) VALUES("unworthygraemedowitcher04244","condiddling",0,'5152-04-41 9:4:6',2502941,"unopposedness@gmail.com");
INSERT INTO LOCATIONS(Address,Name,Frequency,Last_Trip,Customer_C_Phone_Number,Customer_C_email_ID) VALUES("gigoloschondrolipomanonrationalization11154","kokako",8,'4433-32-56 1:7:3',1041208079,"isodynamia@gmail.com");
INSERT INTO LOCATIONS(Address,Name,Frequency,Last_Trip,Customer_C_Phone_Number,Customer_C_email_ID) VALUES("divinizechimpstipendary52012","spiritualistically",3,'0104-24-03 1:5:7',1400870451,"pentanes@gmail.com");
INSERT INTO LOCATIONS(Address,Name,Frequency,Last_Trip,Customer_C_Phone_Number,Customer_C_email_ID) VALUES("dissymmettricwhistedmetaethical30205","tetramer",3,'4512-60-30 10:12:5',3915186784,"viseman@gmail.com");
INSERT INTO LOCATIONS(Address,Name,Frequency,Last_Trip,Customer_C_Phone_Number,Customer_C_email_ID) VALUES("subeditorpinnoitemonition13656","annaline",5,'4634-26-01 6:3:8',8051118887,"spongious@gmail.com");
INSERT INTO LOCATIONS(Address,Name,Frequency,Last_Trip,Customer_C_Phone_Number,Customer_C_email_ID) VALUES("jigglinghairlessnessbevenom26466","outcricket",8,'5512-53-16 10:1:1',5328581936,"rheumic@gmail.com");
INSERT INTO LOCATIONS(Address,Name,Frequency,Last_Trip,Customer_C_Phone_Number,Customer_C_email_ID) VALUES("mirthsomewingfishunrelating16164","salicional",5,'1611-00-56 13:6:6',9132531990,"springlike@gmail.com");
INSERT INTO LOCATIONS(Address,Name,Frequency,Last_Trip,Customer_C_Phone_Number,Customer_C_email_ID) VALUES("tenderisingundamaskedfazendas21451","cautery",6,'1405-44-23 8:1:11',64364059,"tobaccofied@gmail.com");
INSERT INTO LOCATIONS(Address,Name,Frequency,Last_Trip,Customer_C_Phone_Number,Customer_C_email_ID) VALUES("chlorophyllouschildwifedraught21010","overinclinable",0,'3155-61-00 9:4:11',4015897960,"tupara@gmail.com");
INSERT INTO LOCATIONS(Address,Name,Frequency,Last_Trip,Customer_C_Phone_Number,Customer_C_email_ID) VALUES("octopodmasonrycantonese31035","gotch",9,'2432-56-32 8:10:10',8151679310,"responsively@gmail.com");
INSERT INTO LOCATIONS(Address,Name,Frequency,Last_Trip,Customer_C_Phone_Number,Customer_C_email_ID) VALUES("unimpoweredbacteriopsonicthrawed33340","beeherd",0,'6454-26-04 11:4:12',6900183606,"preintone@gmail.com");
INSERT INTO LOCATIONS(Address,Name,Frequency,Last_Trip,Customer_C_Phone_Number,Customer_C_email_ID) VALUES("dungeonsjackyardersymbolography64321","redock",1,'0111-63-52 5:7:7',6853054085,"shadflies@gmail.com");
INSERT INTO LOCATIONS(Address,Name,Frequency,Last_Trip,Customer_C_Phone_Number,Customer_C_email_ID) VALUES("epicyemateeventuatesfarcers00632","sonatina",8,'4502-14-31 10:9:1',7123999598,"chuppahs@gmail.com");
INSERT INTO LOCATIONS(Address,Name,Frequency,Last_Trip,Customer_C_Phone_Number,Customer_C_email_ID) VALUES("duckiesundeportedopacification23623","depopulates",1,'6401-45-23 7:6:7',7664606982,"specimens@gmail.com");
INSERT INTO LOCATIONS(Address,Name,Frequency,Last_Trip,Customer_C_Phone_Number,Customer_C_email_ID) VALUES("stereoscopygenevievepreparable45162","rhynchosia",6,'6430-05-40 4:1:3',9720443178,"antiangular@gmail.com");
INSERT INTO LOCATIONS(Address,Name,Frequency,Last_Trip,Customer_C_Phone_Number,Customer_C_email_ID) VALUES("monographeshoopmendisreputed16605","won",6,'3612-15-66 6:4:10',1509531627,"psammophile@gmail.com");
INSERT INTO LOCATIONS(Address,Name,Frequency,Last_Trip,Customer_C_Phone_Number,Customer_C_email_ID) VALUES("rendlewoodsofterluciana66604","boninesses",1,'0644-52-36 10:2:2',6900183606,"preintone@gmail.com");
INSERT INTO LOCATIONS(Address,Name,Frequency,Last_Trip,Customer_C_Phone_Number,Customer_C_email_ID) VALUES("anolyteseudemonismtikis64201","haploscopic",1,'2536-55-13 3:2:1',5804771009,"lassu@gmail.com");
INSERT INTO LOCATIONS(Address,Name,Frequency,Last_Trip,Customer_C_Phone_Number,Customer_C_email_ID) VALUES("ferrumsigmoidoscopeaffranchise43360","wiremonger",0,'6246-26-10 3:2:1',636980613,"celts@gmail.com");
INSERT INTO LOCATIONS(Address,Name,Frequency,Last_Trip,Customer_C_Phone_Number,Customer_C_email_ID) VALUES("gottliebsimulamonumentalise11446","repletive",2,'2125-03-62 11:7:9',7664606982,"specimens@gmail.com");
INSERT INTO LOCATIONS(Address,Name,Frequency,Last_Trip,Customer_C_Phone_Number,Customer_C_email_ID) VALUES("escharoticradiochemistryuncitizenly54035","sur",0,'0410-35-13 1:10:5',2687008960,"whishes@gmail.com");
INSERT INTO LOCATIONS(Address,Name,Frequency,Last_Trip,Customer_C_Phone_Number,Customer_C_email_ID) VALUES("flirtigigheartrootsuperassociate56135","promuscidate",9,'6460-04-12 8:6:5',4015897960,"tupara@gmail.com");
INSERT INTO LOCATIONS(Address,Name,Frequency,Last_Trip,Customer_C_Phone_Number,Customer_C_email_ID) VALUES("cornhuskingneperiansaurian06342","tikis",3,'3323-53-56 2:9:10',1000708014,"networked@gmail.com");
INSERT INTO LOCATIONS(Address,Name,Frequency,Last_Trip,Customer_C_Phone_Number,Customer_C_email_ID) VALUES("festinatedfuminglystopers64565","horsefly",1,'5361-32-41 10:8:11',3050370310,"unmilked@gmail.com");
INSERT INTO LOCATIONS(Address,Name,Frequency,Last_Trip,Customer_C_Phone_Number,Customer_C_email_ID) VALUES("liefestpreinterpretcalligraphy22132","bigamizing",5,'4431-22-33 5:9:12',7800510278,"spurries@gmail.com");
INSERT INTO LOCATIONS(Address,Name,Frequency,Last_Trip,Customer_C_Phone_Number,Customer_C_email_ID) VALUES("retundingichthyodorylitesubstitutionary31653","macronutrient",3,'4343-11-21 11:8:2',9895727948,"bayong@gmail.com");
INSERT INTO LOCATIONS(Address,Name,Frequency,Last_Trip,Customer_C_Phone_Number,Customer_C_email_ID) VALUES("broadspreadstooreycoheritor63225","clasped",1,'3325-42-22 5:8:9',7236006721,"homestretches@gmail.com");
INSERT INTO LOCATIONS(Address,Name,Frequency,Last_Trip,Customer_C_Phone_Number,Customer_C_email_ID) VALUES("unthreateningcoaxingimperiums21606","outplotting",6,'5112-25-25 8:7:2',8191453869,"officials@gmail.com");
INSERT INTO LOCATIONS(Address,Name,Frequency,Last_Trip,Customer_C_Phone_Number,Customer_C_email_ID) VALUES("unburdentweakedhalocynthiidae40122","merthiolate",0,'0141-63-63 8:8:8',1232066684,"featherers@gmail.com");
INSERT INTO LOCATIONS(Address,Name,Frequency,Last_Trip,Customer_C_Phone_Number,Customer_C_email_ID) VALUES("superintolerablenessbadepogonatum56306","fixator",4,'2401-16-13 6:6:9',2325476852,"nasomalar@gmail.com");
INSERT INTO LOCATIONS(Address,Name,Frequency,Last_Trip,Customer_C_Phone_Number,Customer_C_email_ID) VALUES("overplenteouslydismarblefulgide52146","femoral",2,'5461-43-60 4:4:5',2186099481,"delphinite@gmail.com");
INSERT INTO LOCATIONS(Address,Name,Frequency,Last_Trip,Customer_C_Phone_Number,Customer_C_email_ID) VALUES("alchemizingsniggeringlyanticreative63436","structuralist",6,'2532-44-24 4:2:6',2352177785,"bucerotidae@gmail.com");
INSERT INTO LOCATIONS(Address,Name,Frequency,Last_Trip,Customer_C_Phone_Number,Customer_C_email_ID) VALUES("maundproletaryhomochlamydeous14441","glucic",4,'4025-41-22 13:6:10',2666095996,"subscriptively@gmail.com");
INSERT INTO LOCATIONS(Address,Name,Frequency,Last_Trip,Customer_C_Phone_Number,Customer_C_email_ID) VALUES("incognizantantifoulinghydroponic06413","superannuated",8,'2356-24-04 6:8:12',4653095107,"quaquaversal@gmail.com");
INSERT INTO LOCATIONS(Address,Name,Frequency,Last_Trip,Customer_C_Phone_Number,Customer_C_email_ID) VALUES("horseplayfulciliatedgingely30003","rompers",9,'5116-26-24 8:11:12',8918724340,"demythologizes@gmail.com");
INSERT INTO LOCATIONS(Address,Name,Frequency,Last_Trip,Customer_C_Phone_Number,Customer_C_email_ID) VALUES("galvanometricantechapelsquirrelsstagnate46054","jarosites",6,'3520-12-50 8:1:11',8996611700,"hydnum@gmail.com");
INSERT INTO LOCATIONS(Address,Name,Frequency,Last_Trip,Customer_C_Phone_Number,Customer_C_email_ID) VALUES("spitballachscowbank36260","phenolic",7,'5636-21-36 12:2:3',9895727948,"bayong@gmail.com");
INSERT INTO LOCATIONS(Address,Name,Frequency,Last_Trip,Customer_C_Phone_Number,Customer_C_email_ID) VALUES("oversettlingdevastatorsthreeps22512","frustum",0,'4136-25-44 10:13:11',9934804123,"myeloic@gmail.com");
INSERT INTO LOCATIONS(Address,Name,Frequency,Last_Trip,Customer_C_Phone_Number,Customer_C_email_ID) VALUES("christederadicantimplausible01315","eudiometer",5,'2534-43-52 1:12:7',6804045624,"calamine@gmail.com");
INSERT INTO LOCATIONS(Address,Name,Frequency,Last_Trip,Customer_C_Phone_Number,Customer_C_email_ID) VALUES("respirablehakafothkinetical46602","collothun",4,'4012-11-66 11:3:3',4341101389,"enregistering@gmail.com");
INSERT INTO LOCATIONS(Address,Name,Frequency,Last_Trip,Customer_C_Phone_Number,Customer_C_email_ID) VALUES("foliosethreefoldednesspalynologic31656","bananas",2,'4350-33-10 11:9:7',8051118887,"spongious@gmail.com");
INSERT INTO LOCATIONS(Address,Name,Frequency,Last_Trip,Customer_C_Phone_Number,Customer_C_email_ID) VALUES("zoophagineaebadigeonpentacron20045","coeff",2,'5560-55-15 4:10:6',1549079123,"ptotic@gmail.com");
INSERT INTO LOCATIONS(Address,Name,Frequency,Last_Trip,Customer_C_Phone_Number,Customer_C_email_ID) VALUES("devilwoodcuspalphanerogamic22301","shynesses",6,'6350-02-54 7:10:3',1034000598,"broader@gmail.com");
INSERT INTO LOCATIONS(Address,Name,Frequency,Last_Trip,Customer_C_Phone_Number,Customer_C_email_ID) VALUES("anhydremiccaponetteunexpansiveness43220","semitranslucent",0,'6105-55-60 6:3:7',9895727948,"bayong@gmail.com");
INSERT INTO LOCATIONS(Address,Name,Frequency,Last_Trip,Customer_C_Phone_Number,Customer_C_email_ID) VALUES("yogeeismweftageingratefulness54532","pompilid",4,'5640-20-43 2:4:6',1260156974,"embosking@gmail.com");
INSERT INTO LOCATIONS(Address,Name,Frequency,Last_Trip,Customer_C_Phone_Number,Customer_C_email_ID) VALUES("tiffleshepherddomcaninities63343","subvenize",6,'2113-41-46 6:2:3',2557120129,"earable@gmail.com");
INSERT INTO LOCATIONS(Address,Name,Frequency,Last_Trip,Customer_C_Phone_Number,Customer_C_email_ID) VALUES("almanacmicrodactylismbiogenic05223","departmentalising",9,'0012-16-41 12:9:6',8437704085,"overemotionalizing@gmail.com");
INSERT INTO LOCATIONS(Address,Name,Frequency,Last_Trip,Customer_C_Phone_Number,Customer_C_email_ID) VALUES("semianarchisticwillinglydesecrater53262","sanitizes",3,'1626-62-00 8:6:6',400100022,"jaundiceroot@gmail.com");
INSERT INTO LOCATIONS(Address,Name,Frequency,Last_Trip,Customer_C_Phone_Number,Customer_C_email_ID) VALUES("gastrinsenhaloinganthropotheistic44566","vulgarisation",1,'6614-43-10 13:9:9',3057504209,"workless@gmail.com");
INSERT INTO LOCATIONS(Address,Name,Frequency,Last_Trip,Customer_C_Phone_Number,Customer_C_email_ID) VALUES("azophenylgravensteinpapillulate02243","gunocracy",3,'2263-34-15 8:6:1',4663132935,"denotationally@gmail.com");
INSERT INTO LOCATIONS(Address,Name,Frequency,Last_Trip,Customer_C_Phone_Number,Customer_C_email_ID) VALUES("salambaoalternateszoopsychologist40233","splendid",4,'4413-35-16 9:3:11',686202193,"preceptually@gmail.com");
INSERT INTO LOCATIONS(Address,Name,Frequency,Last_Trip,Customer_C_Phone_Number,Customer_C_email_ID) VALUES("quenchesacheniastockhorn13316","harpress",0,'6021-52-23 6:6:9',4903291026,"blister@gmail.com");
INSERT INTO LOCATIONS(Address,Name,Frequency,Last_Trip,Customer_C_Phone_Number,Customer_C_email_ID) VALUES("tropinesharateenblacksmith63333","retotaled",1,'6464-13-42 10:6:8',7066535529,"progovernment@gmail.com");
INSERT INTO LOCATIONS(Address,Name,Frequency,Last_Trip,Customer_C_Phone_Number,Customer_C_email_ID) VALUES("tablettedunimpassionednesswandered30126","malleolable",0,'3416-14-13 13:11:13',9554673709,"paranema@gmail.com");
INSERT INTO LOCATIONS(Address,Name,Frequency,Last_Trip,Customer_C_Phone_Number,Customer_C_email_ID) VALUES("conclusivenessunsowedmalthusian10262","cylix",9,'2556-36-05 6:9:11',5604388713,"vallated@gmail.com");
INSERT INTO LOCATIONS(Address,Name,Frequency,Last_Trip,Customer_C_Phone_Number,Customer_C_email_ID) VALUES("overshootsbroughtasautes44355","upshots",2,'4614-41-62 11:8:11',3232689830,"thiophene@gmail.com");
INSERT INTO LOCATIONS(Address,Name,Frequency,Last_Trip,Customer_C_Phone_Number,Customer_C_email_ID) VALUES("fibulariasubauditionagorot41624","peckled",2,'5365-65-21 2:3:12',7800510278,"spurries@gmail.com");
INSERT INTO LOCATIONS(Address,Name,Frequency,Last_Trip,Customer_C_Phone_Number,Customer_C_email_ID) VALUES("sulfoxylicunplumegigolo33003","spinsterhood",0,'3334-24-05 7:4:13',1041208079,"isodynamia@gmail.com");
INSERT INTO LOCATIONS(Address,Name,Frequency,Last_Trip,Customer_C_Phone_Number,Customer_C_email_ID) VALUES("yonnerfrontispiecedgospodipoda03540","antigrowth",1,'2065-45-02 4:13:8',9552615886,"ultrahigh@gmail.com");
INSERT INTO LOCATIONS(Address,Name,Frequency,Last_Trip,Customer_C_Phone_Number,Customer_C_email_ID) VALUES("redipchanteymanpoonce05662","truncatorotund",2,'5505-32-23 7:7:1',979900400,"practico@gmail.com");
INSERT INTO LOCATIONS(Address,Name,Frequency,Last_Trip,Customer_C_Phone_Number,Customer_C_email_ID) VALUES("nacketpreimbuingkoft05403","throbs",2,'3613-45-12 13:12:9',3304875880,"nonmechanically@gmail.com");
INSERT INTO LOCATIONS(Address,Name,Frequency,Last_Trip,Customer_C_Phone_Number,Customer_C_email_ID) VALUES("hyperventilatetemerariousnessalbertype24144","shippons",7,'0545-22-43 5:13:13',5522254461,"enclaved@gmail.com");
INSERT INTO LOCATIONS(Address,Name,Frequency,Last_Trip,Customer_C_Phone_Number,Customer_C_email_ID) VALUES("boterollrefractionistmisadds20012","diplomacy",2,'3342-50-12 7:2:9',4801270604,"petalody@gmail.com");
INSERT INTO LOCATIONS(Address,Name,Frequency,Last_Trip,Customer_C_Phone_Number,Customer_C_email_ID) VALUES("smorzandogherkinsflatuses22466","halomorphism",1,'4630-63-22 1:11:5',8000011196,"circumambulate@gmail.com");
INSERT INTO LOCATIONS(Address,Name,Frequency,Last_Trip,Customer_C_Phone_Number,Customer_C_email_ID) VALUES("judgingemanatismmicrovasculature55561","reestablished",6,'2401-32-50 10:8:8',5678040704,"outbrag@gmail.com");
INSERT INTO LOCATIONS(Address,Name,Frequency,Last_Trip,Customer_C_Phone_Number,Customer_C_email_ID) VALUES("understageundiagrammedfinnmarks11464","airlike",6,'2131-51-35 11:13:10',936911886,"uncommunicative@gmail.com");
